[25Oct2025 15:38:15.894] [main/INFO] [cpw.mods.modlauncher.Launcher/MODLAUNCHER]: ModLauncher running: args [--launchTarget, forgeserver, --fml.forgeVersion, 47.3.7, --fml.mcVersion, 1.20.1, --fml.forgeGroup, net.minecraftforge, --fml.mcpVersion, 20230612.114412, nogui]
[25Oct2025 15:38:15.899] [main/INFO] [cpw.mods.modlauncher.Launcher/MODLAUNCHER]: ModLauncher 10.0.9+10.0.9+main.dcd20f30 starting: java version 17.0.16 by Ubuntu; OS Linux arch amd64 version 6.8.0-1030-azure
[25Oct2025 15:38:18.382] [main/INFO] [net.minecraftforge.fml.loading.ImmediateWindowHandler/]: ImmediateWindowProvider not loading because launch target is forgeserver
[25Oct2025 15:38:18.708] [main/INFO] [mixin/]: SpongePowered MIXIN Subsystem Version=0.8.5 Source=union:/workspaces/Server.onepiece02/servidor_minecraft/libraries/org/spongepowered/mixin/0.8.5/mixin-0.8.5.jar%2365!/ Service=ModLauncher Env=SERVER
[25Oct2025 15:38:18.871] [main/INFO] [Mods Optimizer/]: [Mods Optimizer] ♻ Init ...
[25Oct2025 15:38:18.878] [main/INFO] [Mods Optimizer/]: Game Directory: /workspaces/Server.onepiece02/servidor_minecraft
[25Oct2025 15:38:18.881] [main/INFO] [Mods Optimizer/]: Mods Directory: /workspaces/Server.onepiece02/servidor_minecraft/mods
[25Oct2025 15:38:18.882] [main/INFO] [Mods Optimizer/]: Game Environment: SERVER
[25Oct2025 15:38:18.884] [main/INFO] [Mods Optimizer/]: Loading Mods Database Config File from /workspaces/Server.onepiece02/servidor_minecraft/config/mods_optimizer/config.toml
[25Oct2025 15:38:18.970] [main/INFO] [Mods Optimizer/]: [Mods Database Updater] ⏳ Local mods-database.json is still fresh (last update: 2025-10-25T05:22:32.747676145Z).
[25Oct2025 15:38:18.994] [main/INFO] [Mods Optimizer/]: Mods Optimizer Mods Database Config File loaded with 346 mods client: 306, server: 18, default: 22.
[25Oct2025 15:38:19.002] [main/INFO] [Mods Optimizer/]: ♻ init with game dir /workspaces/Server.onepiece02/servidor_minecraft and mods dir /workspaces/Server.onepiece02/servidor_minecraft/mods for target SERVER in 119 ms.
[25Oct2025 15:38:19.010] [main/INFO] [Mods Optimizer/]: ♻ Parsing Mods data ...
[25Oct2025 15:38:19.021] [main/INFO] [Mods Optimizer/]: [Mod Data] parsing ~156 mods in /workspaces/Server.onepiece02/servidor_minecraft/mods with file extension .jar ...
[25Oct2025 15:38:19.116] [main/INFO] [Mods Optimizer/]: [Mod Data] Overwrite mod environment for smoothchunk from BOTH to SERVER
[25Oct2025 15:38:19.151] [main/INFO] [Mods Optimizer/]: [Mod Data] Overwrite mod environment for adaptive_performance_tweaks_spawn from BOTH to SERVER
[25Oct2025 15:38:19.204] [main/INFO] [Mods Optimizer/]: [Mod Data] Overwrite mod environment for adaptive_performance_tweaks_core from BOTH to SERVER
[25Oct2025 15:38:19.276] [main/INFO] [Mods Optimizer/]: [Mod Data] Overwrite mod environment for adaptive_performance_tweaks_player from BOTH to SERVER
[25Oct2025 15:38:19.323] [main/INFO] [Mods Optimizer/]: [Mod Data] Overwrite mod environment for attributefix from CLIENT to BOTH
[25Oct2025 15:38:19.356] [main/WARN] [Mods Optimizer/]: [Mod Data] ⚠ Unable to read manifest from mod file /workspaces/Server.onepiece02/servidor_minecraft/mods/stellarity-lite-1.20.1.jar, which is expected in some cases.
[25Oct2025 15:38:19.360] [main/INFO] [Mods Optimizer/]: [Mod Data] Overwrite mod environment for adaptive_performance_tweaks from BOTH to SERVER
[25Oct2025 15:38:19.457] [main/INFO] [Mods Optimizer/]: [Mod Data] Overwrite mod environment for adaptive_performance_tweaks_items from BOTH to SERVER
[25Oct2025 15:38:19.470] [main/WARN] [Mods Optimizer/]: ⚠ Found no side tag inside the dependencies.yungsapi[0] section of the mods.toml file /workspaces/Server.onepiece02/servidor_minecraft/mods/YungsApi-1.20-Forge-4.0.6.jar!
[25Oct2025 15:38:19.480] [main/WARN] [Mods Optimizer/]: ⚠ Found no version tag inside the fabric.mod.json file /workspaces/Server.onepiece02/servidor_minecraft/mods/Neruina-2.1.2-forge+1.20.1.jar!
[25Oct2025 15:38:19.503] [main/INFO] [Mods Optimizer/]: [Mod Data] Overwrite mod environment for adaptive_performance_tweaks_gamerules from BOTH to SERVER
[25Oct2025 15:38:19.588] [main/WARN] [Mods Optimizer/]: ⚠ Found no side tag inside the dependencies.travelerstitles[0] section of the mods.toml file /workspaces/Server.onepiece02/servidor_minecraft/mods/TravelersTitles-1.20-Forge-4.0.2.jar!
[25Oct2025 15:38:19.596] [main/INFO] [Mods Optimizer/]: [Mod Data] Found 2 data pack mods in 141 mods.
[25Oct2025 15:38:19.599] [main/INFO] [Mods Optimizer/]: [Mod Data] Found 9 server mods in 141 mods.
[25Oct2025 15:38:19.599] [main/INFO] [Mods Optimizer/]: [Mod Data] Found 130 default mods in 141 mods.
[25Oct2025 15:38:19.600] [main/INFO] [Mods Optimizer/]: -------------------------------------------------------------------------------------------------------------------
[25Oct2025 15:38:19.603] [main/INFO] [Mods Optimizer/]: | ID                                 | VERSION                | TYPE     | ENVIRONMENT       | TIMESTAMP           |
[25Oct2025 15:38:19.603] [main/INFO] [Mods Optimizer/]: -------------------------------------------------------------------------------------------------------------------
[25Oct2025 15:38:19.604] [main/INFO] [Mods Optimizer/]: | adaptive_performance_tweaks_core   | 11.5.0                 | FORGE    | SERVER            | 2025-08-28 23:51:03 |
[25Oct2025 15:38:19.605] [main/INFO] [Mods Optimizer/]: | kubejs                             | 2001.6.5-build.16      | FORGE    | BOTH              | 2024-10-28 09:20:21 |
[25Oct2025 15:38:19.606] [main/INFO] [Mods Optimizer/]: | almanac                            | 1.0.2                  | FORGE    | SERVER            | 2025-10-25 05:35:06 |
[25Oct2025 15:38:19.607] [main/INFO] [Mods Optimizer/]: | netherportalfix                    | 13.0.1                 | FORGE    | BOTH              | 2023-12-08 13:21:49 |
[25Oct2025 15:38:19.610] [main/INFO] [Mods Optimizer/]: | alexsmobs                          | 1.22.9                 | FORGE    | BOTH              | 2025-10-25 05:08:50 |
[25Oct2025 15:38:19.610] [main/INFO] [Mods Optimizer/]: | geckolib                           | 4.7.2                  | FORGE    | BOTH              | 2025-06-17 06:13:27 |
[25Oct2025 15:38:19.611] [main/INFO] [Mods Optimizer/]: | botarium                           | 2.3.4                  | FORGE    | BOTH              | 2025-10-25 05:11:35 |
[25Oct2025 15:38:19.612] [main/INFO] [Mods Optimizer/]: | moreartifacts                      | 1.4.2-1                | FORGE    | BOTH              | 2025-06-22 05:20:30 |
[25Oct2025 15:38:19.615] [main/INFO] [Mods Optimizer/]: | aether                             | 1.20.1-1.5.2-neoforge  | NEOFORGE | BOTH              | 2025-01-28 21:37:07 |
[25Oct2025 15:38:19.616] [main/INFO] [Mods Optimizer/]: | mcdar                              | 4.0.5                  | FABRIC   | BOTH              | 2025-10-25 05:14:02 |
[25Oct2025 15:38:19.617] [main/INFO] [Mods Optimizer/]: | nerb                               | 0.4.1                  | FORGE    | BOTH              | 2025-10-25 05:22:00 |
[25Oct2025 15:38:19.617] [main/INFO] [Mods Optimizer/]: | loadingbackgrounds                 | 1.5.0                  | FORGE    | BOTH              | 2024-05-07 19:33:58 |
[25Oct2025 15:38:19.618] [main/INFO] [Mods Optimizer/]: | connectivity                       | 1.20.1-6.5             | FORGE    | BOTH              | 2025-01-03 22:00:36 |
[25Oct2025 15:38:19.620] [main/INFO] [Mods Optimizer/]: | incendium                          | 5.3.5                  | MIXED    | DATA_PACK         | 2025-10-25 05:13:15 |
[25Oct2025 15:38:19.621] [main/INFO] [Mods Optimizer/]: | sophisticatedcore                  | 1.2.71-1022            | FORGE    | BOTH              | 2025-06-21 23:44:26 |
[25Oct2025 15:38:19.624] [main/INFO] [Mods Optimizer/]: | gpumemleakfix                      | 1.20.1-1.8             | FORGE    | BOTH              | 2023-11-20 21:52:16 |
[25Oct2025 15:38:19.624] [main/INFO] [Mods Optimizer/]: | structureessentials                | 1.20.1-3.4             | FORGE    | BOTH              | 2024-06-02 14:06:02 |
[25Oct2025 15:38:19.625] [main/INFO] [Mods Optimizer/]: | citadel                            | 2.6.1                  | FORGE    | BOTH              | 2024-12-18 09:11:09 |
[25Oct2025 15:38:19.626] [main/INFO] [Mods Optimizer/]: | placebo                            | 8.6.2                  | FORGE    | BOTH              | 2024-06-10 00:10:20 |
[25Oct2025 15:38:19.629] [main/INFO] [Mods Optimizer/]: | modernfix                          | 5.20.0+mc1.20.1        | FORGE    | BOTH              | 2025-10-25 05:14:14 |
[25Oct2025 15:38:19.630] [main/INFO] [Mods Optimizer/]: | waves                              | 1.5.1                  | FORGE    | BOTH              | 2025-10-25 05:16:34 |
[25Oct2025 15:38:19.630] [main/INFO] [Mods Optimizer/]: | yungsapi                           | 1.204.0-6              | FORGE    | UNKNOWN           | 2024-09-30 02:13:42 |
[25Oct2025 15:38:19.631] [main/INFO] [Mods Optimizer/]: | redirected                         | 1.0.0                  | FORGE    | UNKNOWN           | 2025-10-25 05:22:01 |
[25Oct2025 15:38:19.632] [main/INFO] [Mods Optimizer/]: | sophisticatedbackpacks             | 3.23.19-1263           | FORGE    | BOTH              | 2025-06-21 16:21:42 |
[25Oct2025 15:38:19.632] [main/INFO] [Mods Optimizer/]: | adaptive_performance_tweaks_gamerules | 11.5.0                 | FORGE    | SERVER            | 2025-08-28 23:51:04 |
[25Oct2025 15:38:19.634] [main/INFO] [Mods Optimizer/]: | simpleplanes                       | 1.20.1-5.3.3           | FORGE    | BOTH              | 2024-07-16 11:49:02 |
[25Oct2025 15:38:19.635] [main/INFO] [Mods Optimizer/]: | balm                               | 7.3.29                 | FORGE    | BOTH              | 2025-05-11 20:08:09 |
[25Oct2025 15:38:19.636] [main/INFO] [Mods Optimizer/]: | mr_stellarity_lite                 | 1.20.1                 | MIXED    | DATA_PACK         | 2025-10-25 05:15:31 |
[25Oct2025 15:38:19.637] [main/INFO] [Mods Optimizer/]: | carryon                            | 2.1.2-7                | FORGE    | BOTH              | 2023-11-19 22:01:15 |
[25Oct2025 15:38:19.642] [main/INFO] [Mods Optimizer/]: | melody                             | 1.0.2                  | FORGE    | BOTH              | 2024-02-15 11:41:44 |
[25Oct2025 15:38:19.642] [main/INFO] [Mods Optimizer/]: | vampiresneedumbrellas              | 1.0.1                  | FORGE    | UNKNOWN           | 2023-09-13 17:15:43 |
[25Oct2025 15:38:19.643] [main/INFO] [Mods Optimizer/]: | startinv                           | 1.0.0                  | MIXED    | BOTH              | 2023-11-28 13:54:25 |
[25Oct2025 15:38:19.644] [main/INFO] [Mods Optimizer/]: | baguettelib                        | 1.0.0                  | FORGE    | UNKNOWN           | 2025-10-25 05:08:54 |
[25Oct2025 15:38:19.647] [main/INFO] [Mods Optimizer/]: | cloth_config                       | 11.1.136               | FORGE    | BOTH              | 2025-10-25 05:12:20 |
[25Oct2025 15:38:19.647] [main/INFO] [Mods Optimizer/]: | twilightforest                     | 4.3.2508               | FORGE    | BOTH              | 2024-06-24 18:00:24 |
[25Oct2025 15:38:19.648] [main/INFO] [Mods Optimizer/]: | konkrete                           | 1.8.0                  | FORGE    | BOTH              | 2024-01-13 04:21:05 |
[25Oct2025 15:38:19.650] [main/INFO] [Mods Optimizer/]: | celestial_artifacts                | 1.5.3                  | FORGE    | BOTH              | 2025-02-26 20:53:25 |
[25Oct2025 15:38:19.652] [main/INFO] [Mods Optimizer/]: | corpse                             | 1.20.1-1.0.21          | FORGE    | BOTH              | 2025-06-07 09:02:07 |
[25Oct2025 15:38:19.656] [main/INFO] [Mods Optimizer/]: | farmersdelight                     | 1.20.1-1.2.8           | FORGE    | BOTH              | 2025-05-29 22:48:26 |
[25Oct2025 15:38:19.657] [main/INFO] [Mods Optimizer/]: | morevillagers                      | 5.0.0                  | FORGE    | BOTH              | 2025-10-25 05:14:15 |
[25Oct2025 15:38:19.658] [main/INFO] [Mods Optimizer/]: | irons_spells_js                    | 3.1.1                  | FORGE    | BOTH              | 2024-09-17 14:20:15 |
[25Oct2025 15:38:19.660] [main/INFO] [Mods Optimizer/]: | mobcollisionoff                    | 2.0.0                  | FORGE    | UNKNOWN           | 2025-10-16 19:17:23 |
[25Oct2025 15:38:19.661] [main/INFO] [Mods Optimizer/]: | biomesoplenty                      | 19.0.0-96              | FORGE    | BOTH              | 2025-03-29 17:56:37 |
[25Oct2025 15:38:19.665] [main/INFO] [Mods Optimizer/]: | celestial_core                     | 1.5.5                  | FORGE    | BOTH              | 2025-05-25 11:00:28 |
[25Oct2025 15:38:19.665] [main/INFO] [Mods Optimizer/]: | ironfurnaces                       | 4.1.6                  | FORGE    | BOTH              | 2024-03-05 12:21:46 |
[25Oct2025 15:38:19.666] [main/INFO] [Mods Optimizer/]: | sleep_tight                        | 1.4.2                  | FORGE    | BOTH              | 2025-10-25 05:15:11 |
[25Oct2025 15:38:19.667] [main/INFO] [Mods Optimizer/]: | resourcefulconfig                  | 2.1.3                  | FORGE    | BOTH              | 2025-10-25 05:15:08 |
[25Oct2025 15:38:19.670] [main/INFO] [Mods Optimizer/]: | servercore                         | 1.5.2+1.20.1           | FORGE    | BOTH              | 2025-10-25 05:21:59 |
[25Oct2025 15:38:19.670] [main/INFO] [Mods Optimizer/]: | lionfishapi                        | 2.4.0                  | FORGE    | BOTH              | 2024-11-17 22:13:16 |
[25Oct2025 15:38:19.672] [main/INFO] [Mods Optimizer/]: | spark                              | 1.10.53                | FORGE    | BOTH              | 2025-10-25 05:15:33 |
[25Oct2025 15:38:19.675] [main/INFO] [Mods Optimizer/]: | wthit                              | 8.16.3                 | FORGE    | BOTH              | 2025-06-04 11:24:26 |
[25Oct2025 15:38:19.685] [main/INFO] [Mods Optimizer/]: | cataclysm                          | 3.3.0                  | FORGE    | BOTH              | 2025-06-22 15:23:35 |
[25Oct2025 15:38:19.686] [main/INFO] [Mods Optimizer/]: | curios                             | 5.14.1+1.20.1          | FORGE    | BOTH              | 2025-04-13 06:09:21 |
[25Oct2025 15:38:19.687] [main/INFO] [Mods Optimizer/]: | despawn_tweaker                    | 1.20.1-1.0.0           | FORGE    | UNKNOWN           | 2024-02-10 23:50:24 |
[25Oct2025 15:38:19.690] [main/INFO] [Mods Optimizer/]: | cerbons_api                        | 1.1.0                  | FORGE    | BOTH              | 2025-10-25 05:11:43 |
[25Oct2025 15:38:19.690] [main/INFO] [Mods Optimizer/]: | attributeslib                      | 1.3.7                  | FORGE    | BOTH              | 2024-08-15 23:08:23 |
[25Oct2025 15:38:19.691] [main/INFO] [Mods Optimizer/]: | bettervillage                      | 3.3.1                  | FORGE    | BOTH              | 2025-05-25 06:05:44 |
[25Oct2025 15:38:19.692] [main/INFO] [Mods Optimizer/]: | lostcities                         | 7.4.0                  | FORGE    | BOTH              | 2025-06-21 06:53:49 |
[25Oct2025 15:38:19.693] [main/INFO] [Mods Optimizer/]: | elevatorid                         | 1.20.1-lex-1.9         | FORGE    | BOTH              | 2023-11-03 15:02:00 |
[25Oct2025 15:38:19.694] [main/INFO] [Mods Optimizer/]: | noisium                            | 2.3.0+mc1.20-1.20.1    | FORGE    | BOTH              | 2025-10-25 05:14:28 |
[25Oct2025 15:38:19.695] [main/INFO] [Mods Optimizer/]: | stackable_stew_and_soup            | 2.0.1                  | MIXED    | BOTH              | 2024-12-06 16:59:17 |
[25Oct2025 15:38:19.698] [main/INFO] [Mods Optimizer/]: | resourcefullib                     | 2.1.29                 | FORGE    | BOTH              | 2025-10-25 05:15:09 |
[25Oct2025 15:38:19.698] [main/INFO] [Mods Optimizer/]: | architectury                       | 9.2.14                 | FORGE    | BOTH              | 2025-10-25 05:08:52 |
[25Oct2025 15:38:19.700] [main/INFO] [Mods Optimizer/]: | cfm                                | 7.0.0-pre36            | FORGE    | BOTH              | 2023-06-22 15:38:34 |
[25Oct2025 15:38:19.701] [main/INFO] [Mods Optimizer/]: | boatbreakfix                       | 1.0.2                  | MIXED    | BOTH              | 2022-11-22 08:00:42 |
[25Oct2025 15:38:19.701] [main/INFO] [Mods Optimizer/]: | aiimprovements                     | 0.5.2                  | FORGE    | BOTH              | 2025-10-25 05:08:51 |
[25Oct2025 15:38:19.702] [main/INFO] [Mods Optimizer/]: | dimthread                          | 1.2.1                  | FORGE    | BOTH              | 2024-11-25 20:39:11 |
[25Oct2025 15:38:19.704] [main/INFO] [Mods Optimizer/]: | cupboard                           | 1.20.1-2.7             | FORGE    | BOTH              | 2024-06-24 22:44:28 |
[25Oct2025 15:38:19.708] [main/INFO] [Mods Optimizer/]: | itemphysic                         | 1.8.7                  | MIXED    | BOTH              | 2025-04-22 09:49:59 |
[25Oct2025 15:38:19.709] [main/INFO] [Mods Optimizer/]: | monolib                            | 1.4.1                  | FORGE    | BOTH              | 2024-10-23 14:30:23 |
[25Oct2025 15:38:19.712] [main/INFO] [Mods Optimizer/]: | fallingtree                        | 4.3.4                  | MIXED    | BOTH              | 2024-01-05 20:28:28 |
[25Oct2025 15:38:19.713] [main/INFO] [Mods Optimizer/]: | adaptive_performance_tweaks_items  | 11.5.0                 | FORGE    | SERVER            | 2025-08-28 23:51:04 |
[25Oct2025 15:38:19.713] [main/INFO] [Mods Optimizer/]: | krypton                            | 0.2.3                  | FORGE    | BOTH              | 2023-06-24 02:49:29 |
[25Oct2025 15:38:19.715] [main/INFO] [Mods Optimizer/]: | smallships                         | 2.0.0-b1.4             | FORGE    | BOTH              | 2025-10-25 05:15:24 |
[25Oct2025 15:38:19.715] [main/INFO] [Mods Optimizer/]: | fps_shower                         | 1.0.0                  | FORGE    | BOTH              | 2023-06-22 16:52:36 |
[25Oct2025 15:38:19.719] [main/INFO] [Mods Optimizer/]: | mobtimizations                     | 1.20.1-1.0.0           | FORGE    | BOTH              | 2024-02-25 17:32:35 |
[25Oct2025 15:38:19.719] [main/INFO] [Mods Optimizer/]: | fastleafdecay                      | 32.0.0                 | FORGE    | BOTH              | 2024-05-27 12:43:28 |
[25Oct2025 15:38:19.719] [main/INFO] [Mods Optimizer/]: | letmedespawn                       | 1.5.0                  | FORGE    | SERVER            | 2025-10-25 05:22:00 |
[25Oct2025 15:38:19.720] [main/INFO] [Mods Optimizer/]: | playerrevive                       | 2.0.31                 | FORGE    | BOTH              | 2025-01-03 13:43:25 |
[25Oct2025 15:38:19.720] [main/INFO] [Mods Optimizer/]: | timeondisplay                      | 2.0.0                  | MIXED    | BOTH              | 2024-03-02 16:57:26 |
[25Oct2025 15:38:19.721] [main/INFO] [Mods Optimizer/]: | crafting_on_a_stick                | 1.1.5                  | FORGE    | BOTH              | 2024-06-15 00:18:50 |
[25Oct2025 15:38:19.722] [main/INFO] [Mods Optimizer/]: | radium                             | 0.12.4+git.26c9d8e     | FORGE    | UNKNOWN           | 2025-10-25 05:15:08 |
[25Oct2025 15:38:19.722] [main/INFO] [Mods Optimizer/]: | mowziesmobs                        | 1.7.3                  | FORGE    | BOTH              | 2025-05-27 21:42:55 |
[25Oct2025 15:38:19.725] [main/INFO] [Mods Optimizer/]: | rhino                              | 2001.2.3-build.10      | FORGE    | UNKNOWN           | 2025-02-12 21:26:35 |
[25Oct2025 15:38:19.726] [main/INFO] [Mods Optimizer/]: | adaptive_performance_tweaks_spawn  | 11.5.0                 | FORGE    | SERVER            | 2025-08-28 23:51:05 |
[25Oct2025 15:38:19.726] [main/INFO] [Mods Optimizer/]: | trashslot                          | 15.1.2                 | FORGE    | BOTH              | 2025-03-18 14:59:11 |
[25Oct2025 15:38:19.726] [main/INFO] [Mods Optimizer/]: | octolib                            | 5.0.1                  | FORGE    | BOTH              | 2025-10-25 05:55:59 |
[25Oct2025 15:38:19.730] [main/INFO] [Mods Optimizer/]: | jei                                | 15.20.0-112            | FORGE    | BOTH              | 2025-10-25 05:13:24 |
[25Oct2025 15:38:19.731] [main/INFO] [Mods Optimizer/]: | attributefix                       | 21.0.4                 | FORGE    | BOTH              | 2023-11-29 11:27:15 |
[25Oct2025 15:38:19.735] [main/INFO] [Mods Optimizer/]: | libraryferret                      | 4.0.0                  | FORGE    | BOTH              | 2023-06-21 18:22:37 |
[25Oct2025 15:38:19.736] [main/INFO] [Mods Optimizer/]: | caelus                             | 3.2.0+1.20.1           | FORGE    | BOTH              | 2024-04-22 00:58:26 |
[25Oct2025 15:38:19.736] [main/INFO] [Mods Optimizer/]: | traderefresh                       | 2.4.5                  | FORGE    | BOTH              | 2024-06-21 11:48:09 |
[25Oct2025 15:38:19.738] [main/INFO] [Mods Optimizer/]: | create                             | 6.0.6                  | FORGE    | BOTH              | 2025-06-11 21:36:58 |
[25Oct2025 15:38:19.740] [main/INFO] [Mods Optimizer/]: | waystones                          | 14.1.13                | FORGE    | BOTH              | 2025-05-21 10:58:18 |
[25Oct2025 15:38:19.743] [main/INFO] [Mods Optimizer/]: | clumps                             | 12.0.0-4               | FORGE    | UNKNOWN           | 2024-04-21 05:03:41 |
[25Oct2025 15:38:19.745] [main/INFO] [Mods Optimizer/]: | fastasyncworldsave                 | 1.20.1-2.1             | FORGE    | BOTH              | 2024-12-17 18:01:45 |
[25Oct2025 15:38:19.749] [main/INFO] [Mods Optimizer/]: | alternate_current                  | 1.7.0                  | FORGE    | BOTH              | 2023-08-25 16:47:37 |
[25Oct2025 15:38:19.750] [main/INFO] [Mods Optimizer/]: | artifacts                          | 9.5.16                 | FORGE    | BOTH              | 2025-10-25 05:08:53 |
[25Oct2025 15:38:19.753] [main/INFO] [Mods Optimizer/]: | sereneseasons                      | 9.1.0-2                | FORGE    | BOTH              | 2025-04-08 06:27:00 |
[25Oct2025 15:38:19.754] [main/INFO] [Mods Optimizer/]: | badpackets                         | 0.4.3                  | FORGE    | BOTH              | 2025-10-25 05:08:54 |
[25Oct2025 15:38:19.754] [main/INFO] [Mods Optimizer/]: | glitchcore                         | 0.0.0                  | FORGE    | BOTH              | 2024-10-06 09:39:40 |
[25Oct2025 15:38:19.755] [main/INFO] [Mods Optimizer/]: | mods_optimizer                     | 4.1.0                  | FORGE    | BOTH              | 2025-05-11 14:04:19 |
[25Oct2025 15:38:19.762] [main/INFO] [Mods Optimizer/]: | neruina                            | 2.1.2                  | MIXED    | BOTH              | 2025-10-25 05:14:35 |
[25Oct2025 15:38:19.763] [main/INFO] [Mods Optimizer/]: | iceandfire                         | 2.1.13-1.20.1          | FORGE    | BOTH              | 2024-08-15 16:28:35 |
[25Oct2025 15:38:19.764] [main/INFO] [Mods Optimizer/]: | bosses_of_mass_destruction         | 1.1.2                  | FORGE    | BOTH              | 2024-01-29 15:05:50 |
[25Oct2025 15:38:19.767] [main/INFO] [Mods Optimizer/]: | walljump                           | 1.20.1-1.3.5-forge     | FORGE    | BOTH              | 2025-05-27 10:09:36 |
[25Oct2025 15:38:19.768] [main/INFO] [Mods Optimizer/]: | corpsecurioscompat                 | 3.0.2                  | FORGE    | UNKNOWN           | 2025-06-05 10:39:38 |
[25Oct2025 15:38:19.768] [main/INFO] [Mods Optimizer/]: | automessage                        | 2.2.0                  | MIXED    | BOTH              | 2024-02-16 21:14:49 |
[25Oct2025 15:38:19.769] [main/INFO] [Mods Optimizer/]: | txnilib                            | 1.0.24                 | FORGE    | UNKNOWN           | 2025-10-25 05:56:27 |
[25Oct2025 15:38:19.769] [main/INFO] [Mods Optimizer/]: | vampiresdelight                    | 0.0.0                  | FORGE    | BOTH              | 2025-02-23 21:01:20 |
[25Oct2025 15:38:19.770] [main/INFO] [Mods Optimizer/]: | nfm                                | 2025.2.7               | FORGE    | BOTH              | 2025-02-07 18:16:29 |
[25Oct2025 15:38:19.771] [main/INFO] [Mods Optimizer/]: | adaptive_performance_tweaks_player | 11.5.0                 | FORGE    | SERVER            | 2025-08-28 23:51:05 |
[25Oct2025 15:38:19.774] [main/INFO] [Mods Optimizer/]: | travelerstitles                    | 1.204.0-2              | FORGE    | UNKNOWN           | 2024-01-28 15:29:52 |
[25Oct2025 15:38:19.775] [main/INFO] [Mods Optimizer/]: | craftingtweaks                     | 18.2.5                 | FORGE    | BOTH              | 2024-08-13 07:03:52 |
[25Oct2025 15:38:19.775] [main/INFO] [Mods Optimizer/]: | smoothchunk                        | 1.20.1-3.8             | FORGE    | SERVER            | 2024-11-28 18:58:48 |
[25Oct2025 15:38:19.775] [main/INFO] [Mods Optimizer/]: | alexscaves                         | 2.0.2                  | FORGE    | BOTH              | 2024-10-26 10:13:03 |
[25Oct2025 15:38:19.776] [main/INFO] [Mods Optimizer/]: | terrablender                       | 3.0.1-10               | FORGE    | BOTH              | 2025-03-10 23:40:02 |
[25Oct2025 15:38:19.776] [main/INFO] [Mods Optimizer/]: | moonlight                          | 2.14.10                | FORGE    | BOTH              | 2025-10-25 05:14:17 |
[25Oct2025 15:38:19.776] [main/INFO] [Mods Optimizer/]: | necronomicon                       | 1.6.0                  | MIXED    | BOTH              | 2025-10-25 05:14:20 |
[25Oct2025 15:38:19.777] [main/INFO] [Mods Optimizer/]: | nochatreports                      | 1.20.1-v2.2.2          | FORGE    | BOTH              | 2023-06-26 16:48:44 |
[25Oct2025 15:38:19.778] [main/INFO] [Mods Optimizer/]: | creativecore                       | 2.12.32                | FORGE    | BOTH              | 2025-04-04 14:48:42 |
[25Oct2025 15:38:19.778] [main/INFO] [Mods Optimizer/]: | unusualprehistory                  | 1.5.0-3                | FORGE    | BOTH              | 2023-11-20 09:02:31 |
[25Oct2025 15:38:19.781] [main/INFO] [Mods Optimizer/]: | werewolves                         | 2.0.2-6                | FORGE    | BOTH              | 2025-05-17 10:30:17 |
[25Oct2025 15:38:19.784] [main/INFO] [Mods Optimizer/]: | vc_gliders                         | 1.1.7                  | FORGE    | BOTH              | 2025-10-25 05:12:56 |
[25Oct2025 15:38:19.785] [main/INFO] [Mods Optimizer/]: | fastpaintings                      | 1.2.7                  | FORGE    | BOTH              | 2025-10-25 05:22:00 |
[25Oct2025 15:38:19.785] [main/INFO] [Mods Optimizer/]: | pickaxetrims                       | 1.0.1                  | FORGE    | BOTH              | 2024-10-28 20:26:08 |
[25Oct2025 15:38:19.787] [main/INFO] [Mods Optimizer/]: | traveloptics                       | 5.4.2-1.20.1           | FORGE    | BOTH              | 2025-08-02 00:27:59 |
[25Oct2025 15:38:19.787] [main/INFO] [Mods Optimizer/]: | securitycraft                      | 1.10.0-1               | FORGE    | BOTH              | 2025-10-25 05:08:44 |
[25Oct2025 15:38:19.790] [main/INFO] [Mods Optimizer/]: | adaptive_performance_tweaks        | 11.5.0                 | FORGE    | SERVER            | 2025-08-28 23:50:19 |
[25Oct2025 15:38:19.791] [main/INFO] [Mods Optimizer/]: | legendary_monsters                 | 1.20.1                 | FORGE    | BOTH              | 2025-06-14 10:36:55 |
[25Oct2025 15:38:19.795] [main/INFO] [Mods Optimizer/]: | irons_spellbooks                   | 1.20.1-3.4.0.9         | FORGE    | BOTH              | 2025-05-02 13:33:40 |
[25Oct2025 15:38:19.799] [main/INFO] [Mods Optimizer/]: | multitools                         | 2.0.0                  | FORGE    | BOTH              | 2025-10-25 05:14:15 |
[25Oct2025 15:38:19.800] [main/INFO] [Mods Optimizer/]: | coroutil                           | 1.20.1-1.3.7           | FORGE    | BOTH              | 2024-02-10 13:39:18 |
[25Oct2025 15:38:19.800] [main/INFO] [Mods Optimizer/]: | vampirism                          | 1.10.13                | FORGE    | BOTH              | 2025-03-10 19:17:27 |
[25Oct2025 15:38:19.801] [main/INFO] [Mods Optimizer/]: | ferritecore                        | 6.0.1                  | FORGE    | BOTH              | 2023-10-22 15:27:07 |
[25Oct2025 15:38:19.802] [main/INFO] [Mods Optimizer/]: | asynclocator                       | 1.3.0                  | FORGE    | BOTH              | 2023-06-22 14:00:58 |
[25Oct2025 15:38:19.803] [main/INFO] [Mods Optimizer/]: | chunksending                       | 1.20.1-2.8             | FORGE    | BOTH              | 2023-11-23 21:08:36 |
[25Oct2025 15:38:19.803] [main/INFO] [Mods Optimizer/]: | deuf                               | 1.20.1-1.3             | FORGE    | BOTH              | 2023-06-20 14:05:56 |
[25Oct2025 15:38:19.812] [main/INFO] [Mods Optimizer/]: | defaultoptions                     | 18.0.1                 | FORGE    | BOTH              | 2023-07-10 20:36:29 |
[25Oct2025 15:38:19.813] [main/INFO] [Mods Optimizer/]: | ad_astra                           | 1.15.20                | FORGE    | BOTH              | 2025-10-25 05:08:50 |
[25Oct2025 15:38:19.813] [main/INFO] [Mods Optimizer/]: | iceandfire_curios                  | 1.2.0                  | FORGE    | BOTH              | 2025-10-25 05:12:56 |
[25Oct2025 15:38:19.813] [main/INFO] [Mods Optimizer/]: -------------------------------------------------------------------------------------------------------------------
[25Oct2025 15:38:19.814] [main/INFO] [Mods Optimizer/]: ♻ Parsed 141 mods in 804 ms.
[25Oct2025 15:38:19.815] [main/INFO] [Mods Optimizer/]: ✔ No duplicated mods found.
[25Oct2025 15:38:19.821] [main/WARN] [Mods Optimizer/]: ✔ No mods for client-side checks found!
[25Oct2025 15:38:19.822] [main/INFO] [Mods Optimizer/]: ⏱ Mod Optimizer needs 952 ms in total.
[25Oct2025 15:38:20.994] [main/WARN] [net.minecraftforge.fml.loading.moddiscovery.ModFileParser/LOADING]: Mod file /workspaces/Server.onepiece02/servidor_minecraft/libraries/net/minecraftforge/fmlcore/1.20.1-47.3.7/fmlcore-1.20.1-47.3.7.jar is missing mods.toml file
[25Oct2025 15:38:21.000] [main/WARN] [net.minecraftforge.fml.loading.moddiscovery.ModFileParser/LOADING]: Mod file /workspaces/Server.onepiece02/servidor_minecraft/libraries/net/minecraftforge/javafmllanguage/1.20.1-47.3.7/javafmllanguage-1.20.1-47.3.7.jar is missing mods.toml file
[25Oct2025 15:38:21.004] [main/WARN] [net.minecraftforge.fml.loading.moddiscovery.ModFileParser/LOADING]: Mod file /workspaces/Server.onepiece02/servidor_minecraft/libraries/net/minecraftforge/lowcodelanguage/1.20.1-47.3.7/lowcodelanguage-1.20.1-47.3.7.jar is missing mods.toml file
[25Oct2025 15:38:21.006] [main/WARN] [net.minecraftforge.fml.loading.moddiscovery.ModFileParser/LOADING]: Mod file /workspaces/Server.onepiece02/servidor_minecraft/libraries/net/minecraftforge/mclanguage/1.20.1-47.3.7/mclanguage-1.20.1-47.3.7.jar is missing mods.toml file
[25Oct2025 15:38:22.832] [main/WARN] [net.minecraftforge.jarjar.selection.JarSelector/]: Attempted to select two dependency jars from JarJar which have the same identification: Mod File:  and Mod File: . Using Mod File: 
[25Oct2025 15:38:22.838] [main/WARN] [net.minecraftforge.jarjar.selection.JarSelector/]: Attempted to select a dependency jar for JarJar which was passed in as source: curios. Using Mod File: /workspaces/Server.onepiece02/servidor_minecraft/mods/curios-forge-5.14.1+1.20.1.jar
[25Oct2025 15:38:22.838] [main/INFO] [net.minecraftforge.fml.loading.moddiscovery.JarInJarDependencyLocator/]: Found 75 dependencies adding them to mods collection
[25Oct2025 15:38:32.623] [main/INFO] [mixin/]: Compatibility level set to JAVA_17
[25Oct2025 15:38:33.164] [main/ERROR] [mixin/]: Mixin config fabric-item-group-api-v1.mixins.json does not specify "minVersion" property
[25Oct2025 15:38:33.167] [main/ERROR] [mixin/]: Mixin config fabric-item-group-api-v1.client.mixins.json does not specify "minVersion" property
[25Oct2025 15:38:33.294] [main/ERROR] [mixin/]: Mixin config palladiumcore-common.mixins.json does not specify "minVersion" property
[25Oct2025 15:38:33.302] [main/ERROR] [mixin/]: Mixin config palladiumcore.mixins.json does not specify "minVersion" property
[25Oct2025 15:38:33.311] [main/ERROR] [mixin/]: Mixin config vc_gliders-common.mixins.json does not specify "minVersion" property
[25Oct2025 15:38:33.318] [main/ERROR] [mixin/]: Mixin config vc_gliders.mixins.json does not specify "minVersion" property
[25Oct2025 15:38:33.338] [main/ERROR] [mixin/]: Mixin config fabric-item-api-v1.client.mixins.json does not specify "minVersion" property
[25Oct2025 15:38:33.392] [main/ERROR] [mixin/]: Mixin config fabric-data-attachment-api-v1.mixins.json does not specify "minVersion" property
[25Oct2025 15:38:33.399] [main/ERROR] [mixin/]: Mixin config fabric-data-attachment-api-v1.client.mixins.json does not specify "minVersion" property
[25Oct2025 15:38:33.996] [main/INFO] [net.fabricmc.loader.impl.bootstrap.FabricLoaderBootstrap/]: Propagating FML mod list to Fabric Loader
[25Oct2025 15:38:34.012] [main/INFO] [cpw.mods.modlauncher.LaunchServiceHandler/MODLAUNCHER]: Launching target 'forgeserver' with arguments [nogui]
[25Oct2025 15:38:34.285] [main/INFO] [ModernFix/]: Loaded configuration file for ModernFix 5.20.0+mc1.20.1: 86 options available, 1 override(s) found
[25Oct2025 15:38:34.285] [main/WARN] [ModernFix/]: Option 'mixin.bugfix.chunk_deadlock' overriden (by mods [dimthread]) to 'false'
[25Oct2025 15:38:34.286] [main/INFO] [ModernFix/]: Applying Nashorn fix
[25Oct2025 15:38:34.327] [main/INFO] [ModernFix/]: Applied Forge config corruption patch
[25Oct2025 15:38:34.421] [main/WARN] [mixin/]: Reference map 'morevillagers-forge-forge-refmap.json' for morevillagers.mixins.json could not be read. If this is a development environment you can ignore this message
[25Oct2025 15:38:34.440] [main/WARN] [mixin/]: Reference map '${mod_id}.refmap.json' for irons_spells_js.mixins.json could not be read. If this is a development environment you can ignore this message
[25Oct2025 15:38:34.798] [main/WARN] [mixin/]: Reference map 'nitrogen_internals.refmap.json' for nitrogen_internals.mixins.json could not be read. If this is a development environment you can ignore this message
[25Oct2025 15:38:34.889] [main/INFO] [Radium Config/]: Loaded configuration file for Radium: 125 options available, 1 override(s) found
[25Oct2025 15:38:35.145] [main/WARN] [mixin/]: Reference map 'fastpaintings-forge-refmap.json' for fastpaintings-forge.mixins.json could not be read. If this is a development environment you can ignore this message
[25Oct2025 15:38:35.364] [main/WARN] [mixin/]: Reference map 'CerbonsAPI-Forge-1.20.1-forge-refmap.json' for cerbons_api.mixins.json could not be read. If this is a development environment you can ignore this message
[25Oct2025 15:38:35.518] [main/WARN] [mixin/]: Reference map 'smallships-forge-refmap.json' for smallships.mixins.json could not be read. If this is a development environment you can ignore this message
[25Oct2025 15:38:35.562] [main/WARN] [mixin/]: Reference map 'trashslot.refmap.json' for trashslot.mixins.json could not be read. If this is a development environment you can ignore this message
[25Oct2025 15:38:35.647] [main/WARN] [mixin/]: Reference map 'coroutil.refmap.json' for coroutil.mixins.json could not be read. If this is a development environment you can ignore this message
[25Oct2025 15:38:35.713] [main/WARN] [mixin/]: Reference map 'itemselector.refmap.json' for l2itemselector.mixins.json could not be read. If this is a development environment you can ignore this message
[25Oct2025 15:38:36.461] [main/ERROR] [net.minecraftforge.fml.loading.RuntimeDistCleaner/DISTXFORM]: Attempted to load class net/minecraft/client/MouseHandler for invalid dist DEDICATED_SERVER
[25Oct2025 15:38:36.462] [main/WARN] [mixin/]: Error loading class: net/minecraft/client/MouseHandler (java.lang.RuntimeException: Attempted to load class net/minecraft/client/MouseHandler for invalid dist DEDICATED_SERVER)
[25Oct2025 15:38:36.462] [main/WARN] [mixin/]: @Mixin target net.minecraft.client.MouseHandler was not found fabric-screen-api-v1.mixins.json:MouseMixin
[25Oct2025 15:38:36.466] [main/ERROR] [net.minecraftforge.fml.loading.RuntimeDistCleaner/DISTXFORM]: Attempted to load class net/minecraft/client/gui/screens/Screen for invalid dist DEDICATED_SERVER
[25Oct2025 15:38:36.467] [main/WARN] [mixin/]: Error loading class: net/minecraft/client/gui/screens/Screen (java.lang.RuntimeException: Attempted to load class net/minecraft/client/gui/screens/Screen for invalid dist DEDICATED_SERVER)
[25Oct2025 15:38:36.467] [main/WARN] [mixin/]: @Mixin target net.minecraft.client.gui.screens.Screen was not found fabric-screen-api-v1.mixins.json:ScreenAccessor
[25Oct2025 15:38:36.503] [main/WARN] [mixin/]: Error loading class: com/probejs/specials/special/FormatterRegistry (java.lang.ClassNotFoundException: com.probejs.specials.special.FormatterRegistry)
[25Oct2025 15:38:36.508] [main/WARN] [mixin/]: Error loading class: com/probejs/docs/formatter/NameResolver (java.lang.ClassNotFoundException: com.probejs.docs.formatter.NameResolver)
[25Oct2025 15:38:36.513] [main/WARN] [mixin/]: Error loading class: com/probejs/specials/SnippetCompiler$KubeDump (java.lang.ClassNotFoundException: com.probejs.specials.SnippetCompiler$KubeDump)
[25Oct2025 15:38:36.542] [main/INFO] [net.minecraftforge.coremod.CoreMod.placebo/COREMODLOG]: Patching IForgeItemStack#getEnchantmentLevel
[25Oct2025 15:38:36.562] [main/INFO] [net.minecraftforge.coremod.CoreMod.placebo/COREMODLOG]: Patching IForgeItemStack#getEnchantmentLevel
[25Oct2025 15:38:36.593] [main/WARN] [mixin/]: Error loading class: earth/terrarium/handcrafted/common/blocks/FancyBedBlock (java.lang.ClassNotFoundException: earth.terrarium.handcrafted.common.blocks.FancyBedBlock)
[25Oct2025 15:38:37.707] [main/WARN] [Radium Config/]: Force-disabling mixin 'alloc.blockstate.StateMixin' as option 'mixin.alloc.blockstate' (added by mods [ferritecore]) disables it and children
[25Oct2025 15:38:38.043] [main/ERROR] [net.minecraftforge.fml.loading.RuntimeDistCleaner/DISTXFORM]: Attempted to load class de/teamlapen/vampirism/client/renderer/RenderHandler for invalid dist DEDICATED_SERVER
[25Oct2025 15:38:38.044] [main/WARN] [mixin/]: Error loading class: de/teamlapen/vampirism/client/renderer/RenderHandler (java.lang.RuntimeException: Attempted to load class de/teamlapen/vampirism/client/renderer/RenderHandler for invalid dist DEDICATED_SERVER)
[25Oct2025 15:38:38.044] [main/WARN] [mixin/]: @Mixin target de.teamlapen.vampirism.client.renderer.RenderHandler was not found vampiresdelight.mixins.json:MixinRenderHandler
[25Oct2025 15:38:38.068] [main/WARN] [mixin/]: Error loading class: weather2/weathersystem/wind/WindManager (java.lang.ClassNotFoundException: weather2.weathersystem.wind.WindManager)
[25Oct2025 15:38:38.069] [main/WARN] [mixin/]: @Mixin target weather2.weathersystem.wind.WindManager was not found waves.mixins.json:WindManagerMixin
[25Oct2025 15:38:38.075] [main/WARN] [mixin/]: Error loading class: weather2/weathersystem/storm/TornadoHelper (java.lang.ClassNotFoundException: weather2.weathersystem.storm.TornadoHelper)
[25Oct2025 15:38:38.075] [main/WARN] [mixin/]: @Mixin target weather2.weathersystem.storm.TornadoHelper was not found waves.mixins.json:TornadoHelperMixin
[25Oct2025 15:38:38.469] [main/WARN] [mixin/]: Error loading class: com/oblivioussp/spartanweaponry/item/HeavyCrossbowItem (java.lang.ClassNotFoundException: com.oblivioussp.spartanweaponry.item.HeavyCrossbowItem)
[25Oct2025 15:38:38.469] [main/WARN] [mixin/]: @Mixin target com.oblivioussp.spartanweaponry.item.HeavyCrossbowItem was not found moreartifacts.mixins.json:HeavyCrossbowItemMixin
[25Oct2025 15:38:38.473] [main/WARN] [mixin/]: Error loading class: net/gobies/potionrings2/item/potionrings/PotionRingRegenerationItem (java.lang.ClassNotFoundException: net.gobies.potionrings2.item.potionrings.PotionRingRegenerationItem)
[25Oct2025 15:38:38.474] [main/WARN] [mixin/]: @Mixin target net.gobies.potionrings2.item.potionrings.PotionRingRegenerationItem was not found moreartifacts.mixins.json:PotionRingRegenerationItemMixin
[25Oct2025 15:38:38.478] [main/WARN] [mixin/]: Error loading class: net/gobies/potionrings2/item/potionrings/PotionRingResistanceItem (java.lang.ClassNotFoundException: net.gobies.potionrings2.item.potionrings.PotionRingResistanceItem)
[25Oct2025 15:38:38.478] [main/WARN] [mixin/]: @Mixin target net.gobies.potionrings2.item.potionrings.PotionRingResistanceItem was not found moreartifacts.mixins.json:PotionRingResistanceItemMixin
[25Oct2025 15:38:38.545] [main/INFO] [com.cupboard.Cupboard/]: Loaded config for: structureessentials.json
[25Oct2025 15:38:38.766] [main/WARN] [mixin/]: Error loading class: dev/shadowsoffire/apotheosis/ench/table/ApothEnchantmentMenu (java.lang.ClassNotFoundException: dev.shadowsoffire.apotheosis.ench.table.ApothEnchantmentMenu)
[25Oct2025 15:38:38.766] [main/WARN] [mixin/]: @Mixin target dev.shadowsoffire.apotheosis.ench.table.ApothEnchantmentMenu was not found celestial_artifacts.mixins.json:ApothEnchantmentMenuMixin
[25Oct2025 15:38:39.880] [main/INFO] [MixinExtras|Service/]: Initializing MixinExtras via com.llamalad7.mixinextras.service.MixinExtrasServiceImpl(version=0.4.1).
[25Oct2025 15:38:40.614] [main/INFO] [mixin/]: Mixing server.MixinDedicatedServer from mixins/common/nochatreports.mixins.json into net.minecraft.server.dedicated.DedicatedServer
[25Oct2025 15:38:40.822] [main/WARN] [mixin/]: Static binding violation: PRIVATE @Overwrite method m_216202_ in modernfix-forge.mixins.json:perf.tag_id_caching.TagOrElementLocationMixin cannot reduce visibiliy of PUBLIC target method, visibility will be upgraded.
[25Oct2025 15:38:41.351] [main/INFO] [net.minecraft.server.Bootstrap/]: ModernFix reached bootstrap stage (29.09 s after launch)
[25Oct2025 15:38:41.722] [main/INFO] [mixin/]: Mixing common.MixinFriendlyByteBuf from mixins/common/nochatreports.mixins.json into net.minecraft.network.FriendlyByteBuf
[25Oct2025 15:38:41.726] [main/INFO] [mixin/]: Renaming synthetic method lambda$onWriteJsonWithCodec$1(Ljava/lang/Object;Ljava/lang/String;)Lio/netty/handler/codec/EncoderException; to md43c008$lambda$onWriteJsonWithCodec$1$0 in mixins/common/nochatreports.mixins.json:common.MixinFriendlyByteBuf
[25Oct2025 15:38:41.726] [main/INFO] [mixin/]: Renaming synthetic method lambda$onReadJsonWithCodec$0(Ljava/lang/String;)Lio/netty/handler/codec/DecoderException; to md43c008$lambda$onReadJsonWithCodec$0$1 in mixins/common/nochatreports.mixins.json:common.MixinFriendlyByteBuf
[25Oct2025 15:38:41.822] [main/WARN] [mixin/]: @Final field delegatesByName:Ljava/util/Map; in modernfix-forge.mixins.json:perf.forge_registry_alloc.ForgeRegistryMixin should be final
[25Oct2025 15:38:41.823] [main/WARN] [mixin/]: @Final field delegatesByValue:Ljava/util/Map; in modernfix-forge.mixins.json:perf.forge_registry_alloc.ForgeRegistryMixin should be final
[25Oct2025 15:38:42.457] [main/INFO] [ModernFix/]: Injecting BlockStateBase cache population hook into getNeighborPathNodeType from me.jellysquid.mods.lithium.mixin.ai.pathing.AbstractBlockStateMixin
[25Oct2025 15:38:42.458] [main/INFO] [ModernFix/]: Injecting BlockStateBase cache population hook into getPathNodeType from me.jellysquid.mods.lithium.mixin.ai.pathing.AbstractBlockStateMixin
[25Oct2025 15:38:42.459] [main/INFO] [ModernFix/]: Injecting BlockStateBase cache population hook into getAllFlags from me.jellysquid.mods.lithium.mixin.util.block_tracking.AbstractBlockStateMixin
[25Oct2025 15:38:43.027] [main/INFO] [net.minecraftforge.coremod.CoreMod.placebo/COREMODLOG]: Patching IForgeItemStack#getEnchantmentLevel
[25Oct2025 15:38:43.029] [main/INFO] [net.minecraftforge.coremod.CoreMod.placebo/COREMODLOG]: Patching IForgeItemStack#getEnchantmentLevel
[25Oct2025 15:38:44.690] [main/WARN] [mixin/]: @Redirect conflict. Skipping mixins.redirected_forge_1.20.1.json:net.minecraft.world.level.block.piston.PistonBaseBlockMixin->@Redirect::redirectDirections()[Lnet/minecraft/core/Direction; with priority 10, already redirected by lithium.mixins.json:alloc.enum_values.piston_block.PistonBlockMixin->@Redirect::removeAllocation()[Lnet/minecraft/core/Direction; with priority 1000
[25Oct2025 15:38:44.690] [main/WARN] [mixin/]: @Redirect conflict. Skipping mixins.redirected_forge_1.20.1.json:net.minecraft.world.level.block.piston.PistonBaseBlockMixin->@Redirect::redirectDirections()[Lnet/minecraft/core/Direction; with priority 10, already redirected by lithium.mixins.json:alloc.enum_values.piston_block.PistonBlockMixin->@Redirect::removeAllocation()[Lnet/minecraft/core/Direction; with priority 1000
[25Oct2025 15:38:44.741] [main/WARN] [mixin/]: @Redirect conflict. Skipping mixins.redirected_forge_1.20.1.json:net.minecraft.world.level.block.RedStoneWireBlockMixin->@Redirect::redirectDirections()[Lnet/minecraft/core/Direction; with priority 10, already redirected by lithium.mixins.json:alloc.enum_values.redstone_wire.RedstoneWireBlockMixin->@Redirect::removeAllocation1()[Lnet/minecraft/core/Direction; with priority 1000
[25Oct2025 15:38:44.742] [main/WARN] [mixin/]: @Redirect conflict. Skipping mixins.redirected_forge_1.20.1.json:net.minecraft.world.level.block.RedStoneWireBlockMixin->@Redirect::redirectDirections()[Lnet/minecraft/core/Direction; with priority 10, already redirected by lithium.mixins.json:alloc.enum_values.redstone_wire.RedstoneWireBlockMixin->@Redirect::removeAllocation2()[Lnet/minecraft/core/Direction; with priority 1000
[25Oct2025 15:38:45.360] [main/INFO] [net.minecraftforge.coremod.CoreMod.placebo/COREMODLOG]: Patching IForgeItemStack#getEnchantmentLevel
[25Oct2025 15:38:45.361] [main/INFO] [net.minecraftforge.coremod.CoreMod.placebo/COREMODLOG]: Patching IForgeItemStack#getEnchantmentLevel
[25Oct2025 15:38:45.413] [main/INFO] [net.minecraft.server.Bootstrap/]: Vanilla bootstrap took 4050 milliseconds
[25Oct2025 15:38:46.864] [main/WARN] [mixin/]: @Inject(@At("INVOKE_ASSIGN")) Shift.BY=1 on palladiumcore-common.mixins.json:LightningBoltMixin::handler$bla000$tick exceeds the maximum allowed value: 0. Increase the value of maxShiftBy to suppress this warning.
[25Oct2025 15:38:48.424] [main/WARN] [mixin/]: Method overwrite conflict for getHiddenEffect in werewolves.mixins.json:MobEffectInstanceAccessor, previously written by de.teamlapen.vampirism.mixin.MixinMobEffectInstance. Skipping method.
[25Oct2025 15:38:48.473] [main/INFO] [mixin/]: Mixing server.MixinServerGamePacketListenerImpl from mixins/common/nochatreports.mixins.json into net.minecraft.server.network.ServerGamePacketListenerImpl
[25Oct2025 15:38:49.254] [main/WARN] [mixin/]: Mixin alexscaves.mixins.json:SwampHutPieceMixin has multiple constructors, (Lnet/minecraft/world/level/levelgen/structure/pieces/StructurePieceType;IIIIIILnet/minecraft/core/Direction;)V was selected

[25Oct2025 15:38:49.451] [main/WARN] [mixin/]: Static binding violation: PRIVATE @Overwrite method m_47505_ in modernfix-common.mixins.json:perf.remove_biome_temperature_cache.BiomeMixin cannot reduce visibiliy of PUBLIC target method, visibility will be upgraded.
[25Oct2025 15:38:49.454] [main/WARN] [mixin/]: Method overwrite conflict for m_47505_ in lithium.mixins.json:world.temperature_cache.BiomeMixin, previously written by org.embeddedt.modernfix.common.mixin.perf.remove_biome_temperature_cache.BiomeMixin. Skipping method.
[25Oct2025 15:38:50.205] [modloading-worker-0/WARN] [APTweaks(Core)/]: ⚠ The log level for APTweaks(Core) is set to ALL, this will log all debug information and will cause performance issues. This is expected in a developer environment or during large-scale troubleshooting. However, rest assured, to mitigate performance concerns, the debug mode for this module has been automatically adjusted to an info level! If you require debug information, simply use the /aptweaks debug <module> command to re-enable debug mode.
[25Oct2025 15:38:50.212] [modloading-worker-0/WARN] [APTweaks(Core)/]: Adjusting log level for APTweaks(Core) from ALL to INFO, for performance reasons!
[25Oct2025 15:38:50.218] [modloading-worker-0/INFO] [APTweaks(Core)/]: Changing log level for APTweaks(Core) from ALL to INFO
[25Oct2025 15:38:50.280] [modloading-worker-0/WARN] [APTweaks(Gamerules)/]: ⚠ The log level for APTweaks(Gamerules) is set to ALL, this will log all debug information and will cause performance issues. This is expected in a developer environment or during large-scale troubleshooting. However, rest assured, to mitigate performance concerns, the debug mode for this module has been automatically adjusted to an info level! If you require debug information, simply use the /aptweaks debug <module> command to re-enable debug mode.
[25Oct2025 15:38:50.289] [modloading-worker-0/WARN] [APTweaks(Gamerules)/]: Adjusting log level for APTweaks(Gamerules) from ALL to INFO, for performance reasons!
[25Oct2025 15:38:50.290] [modloading-worker-0/INFO] [APTweaks(Core)/]: Changing log level for APTweaks(Gamerules) from ALL to INFO
[25Oct2025 15:38:50.305] [modloading-worker-0/INFO] [mixin/]: Mixing server.MixinPlayerList from mixins/common/nochatreports.mixins.json into net.minecraft.server.players.PlayerList
[25Oct2025 15:38:50.353] [modloading-worker-0/INFO] [APTweaks(Gamerules)/]: Registering Adaptive Performance Tweaks: Gamerules common config ...
[25Oct2025 15:38:50.356] [modloading-worker-0/INFO] [APTweaks(Core)/]: Register Adaptive Performance Tweaks: Core common config ...
[25Oct2025 15:38:50.606] [modloading-worker-0/INFO] [ironfurnaces.IronFurnaces/]: Initializing Update Checker...
[25Oct2025 15:38:50.613] [ Iron Furnaces Update Checker/INFO] [ironfurnaces.IronFurnaces/]: Starting Update Check...
[25Oct2025 15:38:50.800] [modloading-worker-0/INFO] [noisium/]: Loading Noisium.
[25Oct2025 15:38:50.821] [modloading-worker-0/INFO] [com.aetherteam.cumulus.Cumulus/]: Disabling Cumulus as it is on server.
[25Oct2025 15:38:50.932] [modloading-worker-0/INFO] [me.wesley1808.servercore.common.ServerCore/]: [ServerCore] Loaded V1.5.2+1.20.1!
[25Oct2025 15:38:51.057] [modloading-worker-0/INFO] [coroutil/]: forge loader environment detected
[25Oct2025 15:38:51.082] [modloading-worker-0/INFO] [TimeOnDisplay/]: Hello Forge world!
[25Oct2025 15:38:51.087] [modloading-worker-0/INFO] [TimeOnDisplay/]: Hello from TimeOnDisplay Common init on Forge! we are currently in a production environment!
[25Oct2025 15:38:51.087] [modloading-worker-0/INFO] [TimeOnDisplay/]: The ID for diamonds is minecraft:diamond
[25Oct2025 15:38:51.088] [modloading-worker-0/INFO] [TimeOnDisplay/]: Hello to TimeOnDisplay
[25Oct2025 15:38:51.118] [modloading-worker-0/WARN] [APTweaks(Spawn)/]: ⚠ The log level for APTweaks(Spawn) is set to ALL, this will log all debug information and will cause performance issues. This is expected in a developer environment or during large-scale troubleshooting. However, rest assured, to mitigate performance concerns, the debug mode for this module has been automatically adjusted to an info level! If you require debug information, simply use the /aptweaks debug <module> command to re-enable debug mode.
[25Oct2025 15:38:51.119] [modloading-worker-0/WARN] [APTweaks(Spawn)/]: Adjusting log level for APTweaks(Spawn) from ALL to INFO, for performance reasons!
[25Oct2025 15:38:51.120] [modloading-worker-0/INFO] [APTweaks(Core)/]: Changing log level for APTweaks(Spawn) from ALL to INFO
[25Oct2025 15:38:51.133] [modloading-worker-0/INFO] [APTweaks(Spawn)/]: Registering Adaptive Performance Tweaks: Spawn common config ...
[25Oct2025 15:38:51.177] [modloading-worker-0/INFO] [APTweaks(Spawn)/]: Registering Adaptive Performance Tweaks: Spawn Alex's Mobs spawn config ...
[25Oct2025 15:38:51.183] [modloading-worker-0/INFO] [APTweaks(Spawn)/]: Registering Adaptive Performance Tweaks: Spawn Aquaculture 2 spawn config ...
[25Oct2025 15:38:51.190] [modloading-worker-0/INFO] [APTweaks(Spawn)/]: Registering Adaptive Performance Tweaks: Spawn Born in Chaos Spawn config ...
[25Oct2025 15:38:51.192] [modloading-worker-0/INFO] [APTweaks(Spawn)/]: Registering Adaptive Performance Tweaks: Spawn Custom spawn config ...
[25Oct2025 15:38:51.196] [modloading-worker-0/INFO] [com.jtorleonstudios.libraryferret.LibraryFerret/]: Initialize mod Library Ferret
[25Oct2025 15:38:51.201] [modloading-worker-0/INFO] [APTweaks(Spawn)/]: Registering Adaptive Performance Tweaks: Spawn Exotic Birds spawn config ...
[25Oct2025 15:38:51.210] [modloading-worker-0/INFO] [APTweaks(Spawn)/]: Registering Adaptive Performance Tweaks: Spawn Fish's Undead Rising spawn config ...
[25Oct2025 15:38:51.217] [modloading-worker-0/INFO] [com.jtorleonstudios.libraryferret.LibraryFerret/]: Initialized mod Library Ferret
[25Oct2025 15:38:51.219] [modloading-worker-0/INFO] [APTweaks(Spawn)/]: Registering Adaptive Performance Tweaks: Spawn Friends and Foes spawn config ...
[25Oct2025 15:38:51.230] [modloading-worker-0/INFO] [APTweaks(Spawn)/]: Registering Adaptive Performance Tweaks: Spawn Gothic RPG spawn config ...
[25Oct2025 15:38:51.239] [modloading-worker-0/INFO] [APTweaks(Spawn)/]: Registering Adaptive Performance Tweaks: Spawn Infernal Expansion spawn config ...
[25Oct2025 15:38:51.246] [modloading-worker-0/INFO] [APTweaks(Spawn)/]: Registering Adaptive Performance Tweaks: Spawn Mekanism Additions spawn config ...
[25Oct2025 15:38:51.253] [modloading-worker-0/INFO] [APTweaks(Spawn)/]: Registering Adaptive Performance Tweaks: Spawn Minecraft Spawn config ...
[25Oct2025 15:38:51.256] [modloading-worker-0/INFO] [APTweaks(Spawn)/]: Registering Adaptive Performance Tweaks: Spawn Nether Spawn config ...
[25Oct2025 15:38:51.259] [modloading-worker-0/INFO] [APTweaks(Spawn)/]: Registering Adaptive Performance Tweaks: Spawn Panthalassa spawn config ...
[25Oct2025 15:38:51.264] [modloading-worker-0/INFO] [APTweaks(Spawn)/]: Registering Adaptive Performance Tweaks: Spawn Quark spawn config ...
[25Oct2025 15:38:51.270] [modloading-worker-0/INFO] [APTweaks(Spawn)/]: Registering Adaptive Performance Tweaks: Spawn Tinkers Construct spawn config ...
[25Oct2025 15:38:51.273] [modloading-worker-0/INFO] [APTweaks(Spawn)/]: Registering Adaptive Performance Tweaks: Spawn Untamed Wilds spawn config ...
[25Oct2025 15:38:51.283] [modloading-worker-0/INFO] [APTweaks(Spawn)/]: Registering Adaptive Performance Tweaks: Spawn Untitled Duck Mod spawn config ...
[25Oct2025 15:38:51.335] [modloading-worker-0/INFO] [com.leclowndu93150.corpsecurioscompat.Main/]: Hello from Corpse Curios Compat!
[25Oct2025 15:38:51.380] [modloading-worker-0/WARN] [mixin/]: @Redirect conflict. Skipping servercore.common.mixins.json:optimizations.ticking.chunk.cache.ServerChunkCacheMixin->@Redirect::servercore$noList(I)Ljava/util/ArrayList; with priority 900, already redirected by lithium.mixins.json:alloc.chunk_ticking.ServerChunkManagerMixin->@Redirect::redirectChunksListClone(I)Ljava/util/ArrayList; with priority 1000
[25Oct2025 15:38:51.443] [ Iron Furnaces Update Checker/INFO] [ironfurnaces.IronFurnaces/]: Update Check done!
[25Oct2025 15:38:51.444] [ Iron Furnaces Update Checker/INFO] [ironfurnaces.IronFurnaces/]: Iron Furnaces is up to date!
[25Oct2025 15:38:51.732] [modloading-worker-0/INFO] [net.minecraftforge.common.ForgeMod/FORGEMOD]: Forge mod loading, version 47.3.7, for MC 1.20.1 with MCP 20230612.114412
[25Oct2025 15:38:51.733] [modloading-worker-0/INFO] [net.minecraftforge.common.MinecraftForge/FORGE]: MinecraftForge v47.3.7 Initialized
[25Oct2025 15:38:51.804] [modloading-worker-0/INFO] [necronomicon/]: Necronomicon Initialized
[25Oct2025 15:38:51.820] [modloading-worker-0/INFO] [necronomicon/]: File exists, reading config for elocindev.necronomicon.NecronomiconConfig.
[25Oct2025 15:38:51.820] [modloading-worker-0/INFO] [necronomicon/]: Config for elocindev.necronomicon.NecronomiconConfig read successfully.
[25Oct2025 15:38:51.838] [modloading-worker-0/INFO] [NoChatReports/]: KONNICHIWA ZA WARUDO!
[25Oct2025 15:38:51.838] [modloading-worker-0/INFO] [NoChatReports/]: Default JVM text encoding is: UTF-8
[25Oct2025 15:38:51.852] [modloading-worker-0/INFO] [NoChatReports/]: Reading config file NoChatReports/NCR-Common.json...
[25Oct2025 15:38:51.854] [modloading-worker-0/INFO] [NoChatReports/]: Writing config file NoChatReports/NCR-Common.json...
[25Oct2025 15:38:52.371] [modloading-worker-0/INFO] [de.teamlapen.vampirism.config.BalanceConfig/]: IceAndFire is loaded -> Adjusting default fire related configuration.
[25Oct2025 15:38:54.207] [modloading-worker-0/INFO] [de.keksuccino.melody.Melody/]: [MELODY] Disabling Melody since it's loaded server-side.
[25Oct2025 15:38:54.256] [modloading-worker-0/INFO] [de.keksuccino.konkrete.Konkrete/]: [KONKRETE] Successfully initialized!
[25Oct2025 15:38:54.261] [modloading-worker-0/INFO] [de.keksuccino.konkrete.Konkrete/]: [KONKRETE] Server-side libs ready to use!
[25Oct2025 15:38:54.805] [modloading-worker-0/INFO] [dev.architectury.networking.forge.NetworkManagerImpl/]: Registering C2S receiver with id architectury:sync_ids
[25Oct2025 15:38:54.854] [modloading-worker-0/INFO] [com.cupboard.Cupboard/]: Loaded config for: cupboard.json
[25Oct2025 15:38:54.891] [modloading-worker-0/WARN] [APTweaks(Items)/]: ⚠ The log level for APTweaks(Items) is set to ALL, this will log all debug information and will cause performance issues. This is expected in a developer environment or during large-scale troubleshooting. However, rest assured, to mitigate performance concerns, the debug mode for this module has been automatically adjusted to an info level! If you require debug information, simply use the /aptweaks debug <module> command to re-enable debug mode.
[25Oct2025 15:38:54.891] [modloading-worker-0/WARN] [APTweaks(Items)/]: Adjusting log level for APTweaks(Items) from ALL to INFO, for performance reasons!
[25Oct2025 15:38:54.891] [modloading-worker-0/INFO] [APTweaks(Core)/]: Changing log level for APTweaks(Items) from ALL to INFO
[25Oct2025 15:38:54.900] [modloading-worker-0/INFO] [APTweaks(Items)/]: Registering Adaptive Performance Tweaks: Items common config ...
[25Oct2025 15:38:54.975] [modloading-worker-0/INFO] [KubeJS/]: Loaded common.properties
[25Oct2025 15:38:54.979] [modloading-worker-0/INFO] [KubeJS/]: Loaded dev.properties
[25Oct2025 15:38:54.996] [modloading-worker-0/INFO] [KubeJS/]: Looking for KubeJS plugins...
[25Oct2025 15:38:55.004] [modloading-worker-0/INFO] [com.simibubi.create.Create/]: Create 6.0.6 initializing! Commit hash: 338bfa0aec952fa51656e8f61bd621ca9b3b2e00
[25Oct2025 15:38:55.006] [modloading-worker-0/INFO] [KubeJS/]: Found plugin source kubejs
[25Oct2025 15:38:55.018] [modloading-worker-0/WARN] [KubeJS/]: Plugin dev.latvian.mods.kubejs.forge.BuiltinKubeJSForgeClientPlugin does not load on server side, skipping
[25Oct2025 15:38:55.021] [modloading-worker-0/WARN] [KubeJS/]: Plugin dev.latvian.mods.kubejs.integration.forge.gamestages.GameStagesIntegration does not have required mod gamestages loaded, skipping
[25Oct2025 15:38:55.022] [modloading-worker-0/INFO] [KubeJS/]: Found plugin source irons_spells_js
[25Oct2025 15:38:55.076] [modloading-worker-0/WARN] [KubeJS/]: Plugin com.squoshi.irons_spells_js.compat.entityjs.EntityJSPlugin does not have required mod entityjs loaded, skipping
[25Oct2025 15:38:55.088] [modloading-worker-0/INFO] [KubeJS/]: Done in 91.47 ms
[25Oct2025 15:38:55.299] [modloading-worker-0/INFO] [dev.architectury.networking.forge.NetworkManagerImpl/]: Registering C2S receiver with id artifacts:networking_channel/42a7ad70b1cc371599a0eff744096b8a
[25Oct2025 15:38:55.300] [modloading-worker-0/INFO] [dev.architectury.networking.forge.NetworkManagerImpl/]: Registering C2S receiver with id artifacts:networking_channel/74a5e841822a3a87854ae896a33430d6
[25Oct2025 15:38:55.303] [modloading-worker-0/INFO] [dev.architectury.networking.forge.NetworkManagerImpl/]: Registering C2S receiver with id artifacts:networking_channel/eb3d1e2748533430848cadf0f37c7e9c
[25Oct2025 15:38:55.304] [modloading-worker-0/INFO] [dev.architectury.networking.forge.NetworkManagerImpl/]: Registering C2S receiver with id artifacts:networking_channel/91c8520f19f93b3e8b6a727568e194ab
[25Oct2025 15:38:55.319] [modloading-worker-0/INFO] [dev.architectury.networking.forge.NetworkManagerImpl/]: Registering C2S receiver with id artifacts:networking_channel/8c2784d778293fd482ed84b8aa5fedb9
[25Oct2025 15:38:55.320] [modloading-worker-0/INFO] [dev.architectury.networking.forge.NetworkManagerImpl/]: Registering C2S receiver with id artifacts:networking_channel/ea038224ea783d40b2863f52239e2604
[25Oct2025 15:38:55.323] [modloading-worker-0/INFO] [dev.architectury.networking.forge.NetworkManagerImpl/]: Registering C2S receiver with id artifacts:networking_channel/97ad64b7ecaf33209991c4f031501a58
[25Oct2025 15:38:55.383] [modloading-worker-0/INFO] [Rhino Script Remapper/]: Loading Rhino Minecraft remapper...
[25Oct2025 15:38:55.387] [modloading-worker-0/INFO] [dev.latvian.mods.rhino.mod.util.RhinoProperties/]: Rhino properties loaded.
[25Oct2025 15:38:55.393] [modloading-worker-0/INFO] [Rhino Script Remapper/]: Loading mappings for 1.20.1
[25Oct2025 15:38:55.588] [modloading-worker-0/INFO] [Rhino Script Remapper/]: Done in 0.205 s
[25Oct2025 15:38:55.673] [modloading-worker-0/INFO] [AutoMessage/]: Hello Forge world!
[25Oct2025 15:38:55.683] [modloading-worker-0/INFO] [AutoMessage/]: Hello from AutoMessage Common init on Forge! we are currently in a production environment!
[25Oct2025 15:38:55.684] [modloading-worker-0/INFO] [AutoMessage/]: The ID for diamonds is minecraft:diamond
[25Oct2025 15:38:55.684] [modloading-worker-0/INFO] [AutoMessage/]: Hello to AutoMessage
[25Oct2025 15:38:55.961] [modloading-worker-0/WARN] [APTweaks(Player)/]: ⚠ The log level for APTweaks(Player) is set to ALL, this will log all debug information and will cause performance issues. This is expected in a developer environment or during large-scale troubleshooting. However, rest assured, to mitigate performance concerns, the debug mode for this module has been automatically adjusted to an info level! If you require debug information, simply use the /aptweaks debug <module> command to re-enable debug mode.
[25Oct2025 15:38:55.961] [modloading-worker-0/WARN] [APTweaks(Player)/]: Adjusting log level for APTweaks(Player) from ALL to INFO, for performance reasons!
[25Oct2025 15:38:55.961] [modloading-worker-0/INFO] [APTweaks(Core)/]: Changing log level for APTweaks(Player) from ALL to INFO
[25Oct2025 15:38:55.970] [modloading-worker-0/INFO] [APTweaks(Player)/]: Registering Adaptive Performance Tweaks: Player common config ...
[25Oct2025 15:38:56.300] [modloading-worker-0/INFO] [APTweaks/]: Thanks for using 🚀 Adaptive Performance Tweaks (bundle), please report issues to: https://github.com/MarkusBordihn/BOs-Adaptive-Performance-Tweaks/issues
[25Oct2025 15:38:56.477] [modloading-worker-0/INFO] [KubeJS Startup/]: example.js#5: Hello, World! (Loaded startup scripts)
[25Oct2025 15:38:56.479] [modloading-worker-0/INFO] [KubeJS Startup/]: Loaded script startup_scripts:example.js in 0.143 s
[25Oct2025 15:38:56.496] [modloading-worker-0/INFO] [KubeJS Startup/]: Loaded 1/1 KubeJS startup scripts in 0.893 s with 0 errors and 0 warnings
[25Oct2025 15:38:56.608] [modloading-worker-0/INFO] [dev.architectury.networking.forge.NetworkManagerImpl/]: Registering C2S receiver with id kubejs:send_data_from_client
[25Oct2025 15:38:56.617] [modloading-worker-0/INFO] [dev.architectury.networking.forge.NetworkManagerImpl/]: Registering C2S receiver with id kubejs:first_click
[25Oct2025 15:38:56.748] [modloading-worker-0/INFO] [be.florens.expandability.ExpandAbility/]: ExpandAbility here, who dis?
[25Oct2025 15:38:57.035] [modloading-worker-0/INFO] [irons_spells_js/]: Postponing IronSpells server config...
[25Oct2025 15:38:57.701] [modloading-worker-0/INFO] [mixin/]: Mixing common.MixinServerStatus from mixins/common/nochatreports.mixins.json into net.minecraft.network.protocol.status.ServerStatus
[25Oct2025 15:39:04.397] [main/ERROR] [net.minecraftforge.eventbus.EventSubclassTransformer/EVENTBUS]: Could not find parent net/minecraft/client/particle/TextureSheetParticle for class com/cerbon/cerbons_api/api/general/particle/SimpleParticle in classloader cpw.mods.modlauncher.TransformingClassLoader@1827fc4e on thread Thread[main,5,main]
[25Oct2025 15:39:04.398] [main/ERROR] [net.minecraftforge.eventbus.EventSubclassTransformer/EVENTBUS]: An error occurred building event handler
java.lang.ClassNotFoundException: net.minecraft.client.particle.TextureSheetParticle
	at cpw.mods.cl.ModuleClassLoader.loadClass(ModuleClassLoader.java:141) ~[securejarhandler-2.1.10.jar:?]
	at java.lang.ClassLoader.loadClass(ClassLoader.java:525) ~[?:?]
	at net.minecraftforge.eventbus.EventSubclassTransformer.buildEvents(EventSubclassTransformer.java:97) ~[eventbus-6.0.5.jar%2352!/:?]
	at net.minecraftforge.eventbus.EventSubclassTransformer.transform(EventSubclassTransformer.java:48) ~[eventbus-6.0.5.jar%2352!/:?]
	at net.minecraftforge.eventbus.EventBusEngine.processClass(EventBusEngine.java:26) ~[eventbus-6.0.5.jar%2352!/:?]
	at net.minecraftforge.eventbus.service.ModLauncherService.processClassWithFlags(ModLauncherService.java:32) ~[eventbus-6.0.5.jar%2352!/:6.0.5+6.0.5+master.eb8e549b]
	at cpw.mods.modlauncher.LaunchPluginHandler.offerClassNodeToPlugins(LaunchPluginHandler.java:88) ~[modlauncher-10.0.9.jar%2355!/:?]
	at cpw.mods.modlauncher.ClassTransformer.transform(ClassTransformer.java:120) ~[modlauncher-10.0.9.jar%2355!/:?]
	at cpw.mods.modlauncher.TransformingClassLoader.maybeTransformClassBytes(TransformingClassLoader.java:50) ~[modlauncher-10.0.9.jar%2355!/:?]
	at cpw.mods.cl.ModuleClassLoader.readerToClass(ModuleClassLoader.java:113) ~[securejarhandler-2.1.10.jar:?]
	at cpw.mods.cl.ModuleClassLoader.lambda$findClass$15(ModuleClassLoader.java:219) ~[securejarhandler-2.1.10.jar:?]
	at cpw.mods.cl.ModuleClassLoader.loadFromModule(ModuleClassLoader.java:229) ~[securejarhandler-2.1.10.jar:?]
	at cpw.mods.cl.ModuleClassLoader.findClass(ModuleClassLoader.java:219) ~[securejarhandler-2.1.10.jar:?]
	at cpw.mods.cl.ModuleClassLoader.loadClass(ModuleClassLoader.java:135) ~[securejarhandler-2.1.10.jar:?]
	at java.lang.ClassLoader.loadClass(ClassLoader.java:525) ~[?:?]
	at java.lang.Class.getDeclaredMethods0(Native Method) ~[?:?]
	at java.lang.Class.privateGetDeclaredMethods(Class.java:3402) ~[?:?]
	at java.lang.Class.getDeclaredMethod(Class.java:2673) ~[?:?]
	at me.jellysquid.mods.lithium.common.reflection.ReflectionUtil.hasMethodOverride(ReflectionUtil.java:13) ~[radium-mc1.20.1-0.12.4+git.26c9d8e.jar%23347!/:?]
	at me.jellysquid.mods.lithium.common.ai.pathing.BlockClassChecker.lambda$hasNonstandardImplementation$0(BlockClassChecker.java:30) ~[radium-mc1.20.1-0.12.4+git.26c9d8e.jar%23347!/:?]
	at java.util.concurrent.ConcurrentHashMap.computeIfAbsent(ConcurrentHashMap.java:1740) ~[?:?]
	at me.jellysquid.mods.lithium.common.ai.pathing.BlockClassChecker.shouldUseDynamicTypeCheck(BlockClassChecker.java:22) ~[radium-mc1.20.1-0.12.4+git.26c9d8e.jar%23347!/:?]
	at net.minecraft.world.level.block.Block.handler$zlg000$postConstruct(Block.java:1639) ~[server-1.20.1-20230612.114412-srg.jar%23383!/:?]
	at net.minecraft.world.level.block.Block.<init>(Block.java:181) ~[server-1.20.1-20230612.114412-srg.jar%23383!/:?]
	at com.cerbon.bosses_of_mass_destruction.block.custom.VoidBlossomBlock.<init>(VoidBlossomBlock.java:45) ~[BOMD-Forge-1.20.1-1.1.2.jar%23269!/:1.1.2]
	at com.cerbon.bosses_of_mass_destruction.block.BMDBlocks.lambda$static$2(BMDBlocks.java:24) ~[BOMD-Forge-1.20.1-1.1.2.jar%23269!/:1.1.2]
	at net.minecraftforge.registries.DeferredRegister.lambda$addEntries$1(DeferredRegister.java:386) ~[forge-1.20.1-47.3.7-universal.jar%23388!/:?]
	at net.minecraftforge.registries.RegisterEvent.register(RegisterEvent.java:59) ~[forge-1.20.1-47.3.7-universal.jar%23388!/:?]
	at net.minecraftforge.registries.DeferredRegister.addEntries(DeferredRegister.java:386) ~[forge-1.20.1-47.3.7-universal.jar%23388!/:?]
	at net.minecraftforge.registries.DeferredRegister$EventDispatcher.handleEvent(DeferredRegister.java:328) ~[forge-1.20.1-47.3.7-universal.jar%23388!/:?]
	at net.minecraftforge.registries.__EventDispatcher_handleEvent_RegisterEvent.invoke(.dynamic) ~[forge-1.20.1-47.3.7-universal.jar%23388!/:?]
	at net.minecraftforge.eventbus.ASMEventHandler.invoke(ASMEventHandler.java:73) ~[eventbus-6.0.5.jar%2352!/:?]
	at net.minecraftforge.eventbus.EventBus.post(EventBus.java:315) ~[eventbus-6.0.5.jar%2352!/:?]
	at net.minecraftforge.eventbus.EventBus.post(EventBus.java:296) ~[eventbus-6.0.5.jar%2352!/:?]
	at net.minecraftforge.fml.javafmlmod.FMLModContainer.acceptEvent(FMLModContainer.java:114) ~[javafmllanguage-1.20.1-47.3.7.jar%23385!/:?]
	at net.minecraftforge.fml.ModLoader.lambda$postEventWithWrapInModOrder$33(ModLoader.java:346) ~[fmlcore-1.20.1-47.3.7.jar%23384!/:?]
	at java.lang.Iterable.forEach(Iterable.java:75) ~[?:?]
	at net.minecraftforge.fml.ModList.forEachModInOrder(ModList.java:227) ~[fmlcore-1.20.1-47.3.7.jar%23384!/:?]
	at net.minecraftforge.fml.ModLoader.postEventWithWrapInModOrder(ModLoader.java:344) ~[fmlcore-1.20.1-47.3.7.jar%23384!/:?]
	at net.minecraftforge.fml.ModLoader.postEventWrapContainerInModOrder(ModLoader.java:337) ~[fmlcore-1.20.1-47.3.7.jar%23384!/:?]
	at net.minecraftforge.registries.GameData.postRegisterEvents(GameData.java:329) ~[forge-1.20.1-47.3.7-universal.jar%23388!/:?]
	at net.minecraftforge.common.ForgeStatesProvider.lambda$new$4(ForgeStatesProvider.java:25) ~[forge-1.20.1-47.3.7-universal.jar%23388!/:?]
	at net.minecraftforge.fml.ModLoader.handleInlineTransition(ModLoader.java:217) ~[fmlcore-1.20.1-47.3.7.jar%23384!/:?]
	at net.minecraftforge.fml.ModLoader.lambda$dispatchAndHandleError$19(ModLoader.java:209) ~[fmlcore-1.20.1-47.3.7.jar%23384!/:?]
	at java.util.Optional.ifPresent(Optional.java:178) ~[?:?]
	at net.minecraftforge.fml.ModLoader.dispatchAndHandleError(ModLoader.java:209) ~[fmlcore-1.20.1-47.3.7.jar%23384!/:?]
	at net.minecraftforge.fml.ModLoader.lambda$gatherAndInitializeMods$13(ModLoader.java:183) ~[fmlcore-1.20.1-47.3.7.jar%23384!/:?]
	at java.lang.Iterable.forEach(Iterable.java:75) ~[?:?]
	at net.minecraftforge.fml.ModLoader.gatherAndInitializeMods(ModLoader.java:183) ~[fmlcore-1.20.1-47.3.7.jar%23384!/:?]
	at net.minecraftforge.server.loading.ServerModLoader.load(ServerModLoader.java:30) ~[forge-1.20.1-47.3.7-universal.jar%23388!/:?]
	at net.minecraft.server.Main.main(Main.java:125) ~[server-1.20.1-20230612.114412-srg.jar%23383!/:?]
	at jdk.internal.reflect.NativeMethodAccessorImpl.invoke0(Native Method) ~[?:?]
	at jdk.internal.reflect.NativeMethodAccessorImpl.invoke(NativeMethodAccessorImpl.java:77) ~[?:?]
	at jdk.internal.reflect.DelegatingMethodAccessorImpl.invoke(DelegatingMethodAccessorImpl.java:43) ~[?:?]
	at java.lang.reflect.Method.invoke(Method.java:569) ~[?:?]
	at net.minecraftforge.fml.loading.targets.CommonLaunchHandler.runTarget(CommonLaunchHandler.java:111) ~[fmlloader-1.20.1-47.3.7.jar%2369!/:?]
	at net.minecraftforge.fml.loading.targets.CommonLaunchHandler.serverService(CommonLaunchHandler.java:103) ~[fmlloader-1.20.1-47.3.7.jar%2369!/:?]
	at net.minecraftforge.fml.loading.targets.CommonServerLaunchHandler.lambda$makeService$0(CommonServerLaunchHandler.java:27) ~[fmlloader-1.20.1-47.3.7.jar%2369!/:?]
	at cpw.mods.modlauncher.LaunchServiceHandlerDecorator.launch(LaunchServiceHandlerDecorator.java:30) ~[modlauncher-10.0.9.jar%2355!/:?]
	at cpw.mods.modlauncher.LaunchServiceHandler.launch(LaunchServiceHandler.java:53) ~[modlauncher-10.0.9.jar%2355!/:?]
	at cpw.mods.modlauncher.LaunchServiceHandler.launch(LaunchServiceHandler.java:71) ~[modlauncher-10.0.9.jar%2355!/:?]
	at cpw.mods.modlauncher.Launcher.run(Launcher.java:108) ~[modlauncher-10.0.9.jar%2355!/:?]
	at cpw.mods.modlauncher.Launcher.main(Launcher.java:78) ~[modlauncher-10.0.9.jar%2355!/:?]
	at cpw.mods.modlauncher.BootstrapLaunchConsumer.accept(BootstrapLaunchConsumer.java:26) ~[modlauncher-10.0.9.jar%2355!/:?]
	at cpw.mods.modlauncher.BootstrapLaunchConsumer.accept(BootstrapLaunchConsumer.java:23) ~[modlauncher-10.0.9.jar%2355!/:?]
	at cpw.mods.bootstraplauncher.BootstrapLauncher.main(BootstrapLauncher.java:141) ~[bootstraplauncher-1.1.2.jar:?]
[25Oct2025 15:39:04.403] [main/WARN] [Radium Class Analysis/]: Radium Class Analysis Error: Class com.cerbon.bosses_of_mass_destruction.block.custom.VoidBlossomBlock cannot be analysed, because getting declared methods crashes with NoClassDefFoundError: net/minecraft/client/particle/TextureSheetParticle. This is usually caused by modded entities declaring methods that have a return type or parameter type that is annotated with @OnlyIn(Dist.CLIENT). Loading the type is not possible, because it only exists in the CLIENT environment. The recommended fix is to annotate the method with this argument or return type with the same annotation. Lithium handles this error by assuming the class cannot be included in some optimizations.
[25Oct2025 15:39:04.403] [main/ERROR] [net.minecraftforge.eventbus.EventSubclassTransformer/EVENTBUS]: Could not find parent net/minecraft/client/particle/TextureSheetParticle for class com/cerbon/cerbons_api/api/general/particle/SimpleParticle in classloader cpw.mods.modlauncher.TransformingClassLoader@1827fc4e on thread Thread[main,5,main]
[25Oct2025 15:39:04.404] [main/ERROR] [net.minecraftforge.eventbus.EventSubclassTransformer/EVENTBUS]: An error occurred building event handler
java.lang.ClassNotFoundException: net.minecraft.client.particle.TextureSheetParticle
	at cpw.mods.cl.ModuleClassLoader.loadClass(ModuleClassLoader.java:141) ~[securejarhandler-2.1.10.jar:?]
	at java.lang.ClassLoader.loadClass(ClassLoader.java:525) ~[?:?]
	at net.minecraftforge.eventbus.EventSubclassTransformer.buildEvents(EventSubclassTransformer.java:97) ~[eventbus-6.0.5.jar%2352!/:?]
	at net.minecraftforge.eventbus.EventSubclassTransformer.transform(EventSubclassTransformer.java:48) ~[eventbus-6.0.5.jar%2352!/:?]
	at net.minecraftforge.eventbus.EventBusEngine.processClass(EventBusEngine.java:26) ~[eventbus-6.0.5.jar%2352!/:?]
	at net.minecraftforge.eventbus.service.ModLauncherService.processClassWithFlags(ModLauncherService.java:32) ~[eventbus-6.0.5.jar%2352!/:6.0.5+6.0.5+master.eb8e549b]
	at cpw.mods.modlauncher.LaunchPluginHandler.offerClassNodeToPlugins(LaunchPluginHandler.java:88) ~[modlauncher-10.0.9.jar%2355!/:?]
	at cpw.mods.modlauncher.ClassTransformer.transform(ClassTransformer.java:120) ~[modlauncher-10.0.9.jar%2355!/:?]
	at cpw.mods.modlauncher.TransformingClassLoader.maybeTransformClassBytes(TransformingClassLoader.java:50) ~[modlauncher-10.0.9.jar%2355!/:?]
	at cpw.mods.cl.ModuleClassLoader.readerToClass(ModuleClassLoader.java:113) ~[securejarhandler-2.1.10.jar:?]
	at cpw.mods.cl.ModuleClassLoader.lambda$findClass$15(ModuleClassLoader.java:219) ~[securejarhandler-2.1.10.jar:?]
	at cpw.mods.cl.ModuleClassLoader.loadFromModule(ModuleClassLoader.java:229) ~[securejarhandler-2.1.10.jar:?]
	at cpw.mods.cl.ModuleClassLoader.findClass(ModuleClassLoader.java:219) ~[securejarhandler-2.1.10.jar:?]
	at cpw.mods.cl.ModuleClassLoader.loadClass(ModuleClassLoader.java:135) ~[securejarhandler-2.1.10.jar:?]
	at java.lang.ClassLoader.loadClass(ClassLoader.java:525) ~[?:?]
	at java.lang.Class.getDeclaredMethods0(Native Method) ~[?:?]
	at java.lang.Class.privateGetDeclaredMethods(Class.java:3402) ~[?:?]
	at java.lang.Class.getDeclaredMethod(Class.java:2673) ~[?:?]
	at me.jellysquid.mods.lithium.common.reflection.ReflectionUtil.hasMethodOverride(ReflectionUtil.java:13) ~[radium-mc1.20.1-0.12.4+git.26c9d8e.jar%23347!/:?]
	at me.jellysquid.mods.lithium.common.ai.pathing.BlockClassChecker.lambda$hasNonstandardImplementation$0(BlockClassChecker.java:30) ~[radium-mc1.20.1-0.12.4+git.26c9d8e.jar%23347!/:?]
	at java.util.concurrent.ConcurrentHashMap.computeIfAbsent(ConcurrentHashMap.java:1740) ~[?:?]
	at me.jellysquid.mods.lithium.common.ai.pathing.BlockClassChecker.shouldUseDynamicBurningCheck(BlockClassChecker.java:26) ~[radium-mc1.20.1-0.12.4+git.26c9d8e.jar%23347!/:?]
	at net.minecraft.world.level.block.Block.handler$zlg000$postConstruct(Block.java:1640) ~[server-1.20.1-20230612.114412-srg.jar%23383!/:?]
	at net.minecraft.world.level.block.Block.<init>(Block.java:181) ~[server-1.20.1-20230612.114412-srg.jar%23383!/:?]
	at com.cerbon.bosses_of_mass_destruction.block.custom.VoidBlossomBlock.<init>(VoidBlossomBlock.java:45) ~[BOMD-Forge-1.20.1-1.1.2.jar%23269!/:1.1.2]
	at com.cerbon.bosses_of_mass_destruction.block.BMDBlocks.lambda$static$2(BMDBlocks.java:24) ~[BOMD-Forge-1.20.1-1.1.2.jar%23269!/:1.1.2]
	at net.minecraftforge.registries.DeferredRegister.lambda$addEntries$1(DeferredRegister.java:386) ~[forge-1.20.1-47.3.7-universal.jar%23388!/:?]
	at net.minecraftforge.registries.RegisterEvent.register(RegisterEvent.java:59) ~[forge-1.20.1-47.3.7-universal.jar%23388!/:?]
	at net.minecraftforge.registries.DeferredRegister.addEntries(DeferredRegister.java:386) ~[forge-1.20.1-47.3.7-universal.jar%23388!/:?]
	at net.minecraftforge.registries.DeferredRegister$EventDispatcher.handleEvent(DeferredRegister.java:328) ~[forge-1.20.1-47.3.7-universal.jar%23388!/:?]
	at net.minecraftforge.registries.__EventDispatcher_handleEvent_RegisterEvent.invoke(.dynamic) ~[forge-1.20.1-47.3.7-universal.jar%23388!/:?]
	at net.minecraftforge.eventbus.ASMEventHandler.invoke(ASMEventHandler.java:73) ~[eventbus-6.0.5.jar%2352!/:?]
	at net.minecraftforge.eventbus.EventBus.post(EventBus.java:315) ~[eventbus-6.0.5.jar%2352!/:?]
	at net.minecraftforge.eventbus.EventBus.post(EventBus.java:296) ~[eventbus-6.0.5.jar%2352!/:?]
	at net.minecraftforge.fml.javafmlmod.FMLModContainer.acceptEvent(FMLModContainer.java:114) ~[javafmllanguage-1.20.1-47.3.7.jar%23385!/:?]
	at net.minecraftforge.fml.ModLoader.lambda$postEventWithWrapInModOrder$33(ModLoader.java:346) ~[fmlcore-1.20.1-47.3.7.jar%23384!/:?]
	at java.lang.Iterable.forEach(Iterable.java:75) ~[?:?]
	at net.minecraftforge.fml.ModList.forEachModInOrder(ModList.java:227) ~[fmlcore-1.20.1-47.3.7.jar%23384!/:?]
	at net.minecraftforge.fml.ModLoader.postEventWithWrapInModOrder(ModLoader.java:344) ~[fmlcore-1.20.1-47.3.7.jar%23384!/:?]
	at net.minecraftforge.fml.ModLoader.postEventWrapContainerInModOrder(ModLoader.java:337) ~[fmlcore-1.20.1-47.3.7.jar%23384!/:?]
	at net.minecraftforge.registries.GameData.postRegisterEvents(GameData.java:329) ~[forge-1.20.1-47.3.7-universal.jar%23388!/:?]
	at net.minecraftforge.common.ForgeStatesProvider.lambda$new$4(ForgeStatesProvider.java:25) ~[forge-1.20.1-47.3.7-universal.jar%23388!/:?]
	at net.minecraftforge.fml.ModLoader.handleInlineTransition(ModLoader.java:217) ~[fmlcore-1.20.1-47.3.7.jar%23384!/:?]
	at net.minecraftforge.fml.ModLoader.lambda$dispatchAndHandleError$19(ModLoader.java:209) ~[fmlcore-1.20.1-47.3.7.jar%23384!/:?]
	at java.util.Optional.ifPresent(Optional.java:178) ~[?:?]
	at net.minecraftforge.fml.ModLoader.dispatchAndHandleError(ModLoader.java:209) ~[fmlcore-1.20.1-47.3.7.jar%23384!/:?]
	at net.minecraftforge.fml.ModLoader.lambda$gatherAndInitializeMods$13(ModLoader.java:183) ~[fmlcore-1.20.1-47.3.7.jar%23384!/:?]
	at java.lang.Iterable.forEach(Iterable.java:75) ~[?:?]
	at net.minecraftforge.fml.ModLoader.gatherAndInitializeMods(ModLoader.java:183) ~[fmlcore-1.20.1-47.3.7.jar%23384!/:?]
	at net.minecraftforge.server.loading.ServerModLoader.load(ServerModLoader.java:30) ~[forge-1.20.1-47.3.7-universal.jar%23388!/:?]
	at net.minecraft.server.Main.main(Main.java:125) ~[server-1.20.1-20230612.114412-srg.jar%23383!/:?]
	at jdk.internal.reflect.NativeMethodAccessorImpl.invoke0(Native Method) ~[?:?]
	at jdk.internal.reflect.NativeMethodAccessorImpl.invoke(NativeMethodAccessorImpl.java:77) ~[?:?]
	at jdk.internal.reflect.DelegatingMethodAccessorImpl.invoke(DelegatingMethodAccessorImpl.java:43) ~[?:?]
	at java.lang.reflect.Method.invoke(Method.java:569) ~[?:?]
	at net.minecraftforge.fml.loading.targets.CommonLaunchHandler.runTarget(CommonLaunchHandler.java:111) ~[fmlloader-1.20.1-47.3.7.jar%2369!/:?]
	at net.minecraftforge.fml.loading.targets.CommonLaunchHandler.serverService(CommonLaunchHandler.java:103) ~[fmlloader-1.20.1-47.3.7.jar%2369!/:?]
	at net.minecraftforge.fml.loading.targets.CommonServerLaunchHandler.lambda$makeService$0(CommonServerLaunchHandler.java:27) ~[fmlloader-1.20.1-47.3.7.jar%2369!/:?]
	at cpw.mods.modlauncher.LaunchServiceHandlerDecorator.launch(LaunchServiceHandlerDecorator.java:30) ~[modlauncher-10.0.9.jar%2355!/:?]
	at cpw.mods.modlauncher.LaunchServiceHandler.launch(LaunchServiceHandler.java:53) ~[modlauncher-10.0.9.jar%2355!/:?]
	at cpw.mods.modlauncher.LaunchServiceHandler.launch(LaunchServiceHandler.java:71) ~[modlauncher-10.0.9.jar%2355!/:?]
	at cpw.mods.modlauncher.Launcher.run(Launcher.java:108) ~[modlauncher-10.0.9.jar%2355!/:?]
	at cpw.mods.modlauncher.Launcher.main(Launcher.java:78) ~[modlauncher-10.0.9.jar%2355!/:?]
	at cpw.mods.modlauncher.BootstrapLaunchConsumer.accept(BootstrapLaunchConsumer.java:26) ~[modlauncher-10.0.9.jar%2355!/:?]
	at cpw.mods.modlauncher.BootstrapLaunchConsumer.accept(BootstrapLaunchConsumer.java:23) ~[modlauncher-10.0.9.jar%2355!/:?]
	at cpw.mods.bootstraplauncher.BootstrapLauncher.main(BootstrapLauncher.java:141) ~[bootstraplauncher-1.1.2.jar:?]
[25Oct2025 15:39:04.407] [main/WARN] [Radium Class Analysis/]: Radium Class Analysis Error: Class com.cerbon.bosses_of_mass_destruction.block.custom.VoidBlossomBlock cannot be analysed, because getting declared methods crashes with NoClassDefFoundError: net/minecraft/client/particle/TextureSheetParticle. This is usually caused by modded entities declaring methods that have a return type or parameter type that is annotated with @OnlyIn(Dist.CLIENT). Loading the type is not possible, because it only exists in the CLIENT environment. The recommended fix is to annotate the method with this argument or return type with the same annotation. Lithium handles this error by assuming the class cannot be included in some optimizations.
[25Oct2025 15:39:04.413] [main/ERROR] [net.minecraftforge.eventbus.EventSubclassTransformer/EVENTBUS]: Could not find parent net/minecraft/client/particle/TextureSheetParticle for class com/cerbon/cerbons_api/api/general/particle/SimpleParticle in classloader cpw.mods.modlauncher.TransformingClassLoader@1827fc4e on thread Thread[main,5,main]
[25Oct2025 15:39:04.413] [main/ERROR] [net.minecraftforge.eventbus.EventSubclassTransformer/EVENTBUS]: An error occurred building event handler
java.lang.ClassNotFoundException: net.minecraft.client.particle.TextureSheetParticle
	at cpw.mods.cl.ModuleClassLoader.loadClass(ModuleClassLoader.java:141) ~[securejarhandler-2.1.10.jar:?]
	at java.lang.ClassLoader.loadClass(ClassLoader.java:525) ~[?:?]
	at net.minecraftforge.eventbus.EventSubclassTransformer.buildEvents(EventSubclassTransformer.java:97) ~[eventbus-6.0.5.jar%2352!/:?]
	at net.minecraftforge.eventbus.EventSubclassTransformer.transform(EventSubclassTransformer.java:48) ~[eventbus-6.0.5.jar%2352!/:?]
	at net.minecraftforge.eventbus.EventBusEngine.processClass(EventBusEngine.java:26) ~[eventbus-6.0.5.jar%2352!/:?]
	at net.minecraftforge.eventbus.service.ModLauncherService.processClassWithFlags(ModLauncherService.java:32) ~[eventbus-6.0.5.jar%2352!/:6.0.5+6.0.5+master.eb8e549b]
	at cpw.mods.modlauncher.LaunchPluginHandler.offerClassNodeToPlugins(LaunchPluginHandler.java:88) ~[modlauncher-10.0.9.jar%2355!/:?]
	at cpw.mods.modlauncher.ClassTransformer.transform(ClassTransformer.java:120) ~[modlauncher-10.0.9.jar%2355!/:?]
	at cpw.mods.modlauncher.TransformingClassLoader.maybeTransformClassBytes(TransformingClassLoader.java:50) ~[modlauncher-10.0.9.jar%2355!/:?]
	at cpw.mods.cl.ModuleClassLoader.readerToClass(ModuleClassLoader.java:113) ~[securejarhandler-2.1.10.jar:?]
	at cpw.mods.cl.ModuleClassLoader.lambda$findClass$15(ModuleClassLoader.java:219) ~[securejarhandler-2.1.10.jar:?]
	at cpw.mods.cl.ModuleClassLoader.loadFromModule(ModuleClassLoader.java:229) ~[securejarhandler-2.1.10.jar:?]
	at cpw.mods.cl.ModuleClassLoader.findClass(ModuleClassLoader.java:219) ~[securejarhandler-2.1.10.jar:?]
	at cpw.mods.cl.ModuleClassLoader.loadClass(ModuleClassLoader.java:135) ~[securejarhandler-2.1.10.jar:?]
	at java.lang.ClassLoader.loadClass(ClassLoader.java:525) ~[?:?]
	at java.lang.Class.getDeclaredMethods0(Native Method) ~[?:?]
	at java.lang.Class.privateGetDeclaredMethods(Class.java:3402) ~[?:?]
	at java.lang.Class.getDeclaredMethod(Class.java:2673) ~[?:?]
	at me.jellysquid.mods.lithium.common.reflection.ReflectionUtil.hasMethodOverride(ReflectionUtil.java:13) ~[radium-mc1.20.1-0.12.4+git.26c9d8e.jar%23347!/:?]
	at me.jellysquid.mods.lithium.common.ai.pathing.BlockClassChecker.lambda$hasNonstandardImplementation$0(BlockClassChecker.java:30) ~[radium-mc1.20.1-0.12.4+git.26c9d8e.jar%23347!/:?]
	at java.util.concurrent.ConcurrentHashMap.computeIfAbsent(ConcurrentHashMap.java:1708) ~[?:?]
	at me.jellysquid.mods.lithium.common.ai.pathing.BlockClassChecker.shouldUseDynamicTypeCheck(BlockClassChecker.java:22) ~[radium-mc1.20.1-0.12.4+git.26c9d8e.jar%23347!/:?]
	at net.minecraft.world.level.block.Block.handler$zlg000$postConstruct(Block.java:1639) ~[server-1.20.1-20230612.114412-srg.jar%23383!/:?]
	at net.minecraft.world.level.block.Block.<init>(Block.java:181) ~[server-1.20.1-20230612.114412-srg.jar%23383!/:?]
	at net.minecraft.world.level.block.BaseEntityBlock.<init>(BaseEntityBlock.java:15) ~[server-1.20.1-20230612.114412-srg.jar%23383!/:?]
	at com.cerbon.bosses_of_mass_destruction.block.custom.MobWardBlock.<init>(MobWardBlock.java:45) ~[BOMD-Forge-1.20.1-1.1.2.jar%23269!/:1.1.2]
	at com.cerbon.bosses_of_mass_destruction.block.BMDBlocks.lambda$static$10(BMDBlocks.java:42) ~[BOMD-Forge-1.20.1-1.1.2.jar%23269!/:1.1.2]
	at net.minecraftforge.registries.DeferredRegister.lambda$addEntries$1(DeferredRegister.java:386) ~[forge-1.20.1-47.3.7-universal.jar%23388!/:?]
	at net.minecraftforge.registries.RegisterEvent.register(RegisterEvent.java:59) ~[forge-1.20.1-47.3.7-universal.jar%23388!/:?]
	at net.minecraftforge.registries.DeferredRegister.addEntries(DeferredRegister.java:386) ~[forge-1.20.1-47.3.7-universal.jar%23388!/:?]
	at net.minecraftforge.registries.DeferredRegister$EventDispatcher.handleEvent(DeferredRegister.java:328) ~[forge-1.20.1-47.3.7-universal.jar%23388!/:?]
	at net.minecraftforge.registries.__EventDispatcher_handleEvent_RegisterEvent.invoke(.dynamic) ~[forge-1.20.1-47.3.7-universal.jar%23388!/:?]
	at net.minecraftforge.eventbus.ASMEventHandler.invoke(ASMEventHandler.java:73) ~[eventbus-6.0.5.jar%2352!/:?]
	at net.minecraftforge.eventbus.EventBus.post(EventBus.java:315) ~[eventbus-6.0.5.jar%2352!/:?]
	at net.minecraftforge.eventbus.EventBus.post(EventBus.java:296) ~[eventbus-6.0.5.jar%2352!/:?]
	at net.minecraftforge.fml.javafmlmod.FMLModContainer.acceptEvent(FMLModContainer.java:114) ~[javafmllanguage-1.20.1-47.3.7.jar%23385!/:?]
	at net.minecraftforge.fml.ModLoader.lambda$postEventWithWrapInModOrder$33(ModLoader.java:346) ~[fmlcore-1.20.1-47.3.7.jar%23384!/:?]
	at java.lang.Iterable.forEach(Iterable.java:75) ~[?:?]
	at net.minecraftforge.fml.ModList.forEachModInOrder(ModList.java:227) ~[fmlcore-1.20.1-47.3.7.jar%23384!/:?]
	at net.minecraftforge.fml.ModLoader.postEventWithWrapInModOrder(ModLoader.java:344) ~[fmlcore-1.20.1-47.3.7.jar%23384!/:?]
	at net.minecraftforge.fml.ModLoader.postEventWrapContainerInModOrder(ModLoader.java:337) ~[fmlcore-1.20.1-47.3.7.jar%23384!/:?]
	at net.minecraftforge.registries.GameData.postRegisterEvents(GameData.java:329) ~[forge-1.20.1-47.3.7-universal.jar%23388!/:?]
	at net.minecraftforge.common.ForgeStatesProvider.lambda$new$4(ForgeStatesProvider.java:25) ~[forge-1.20.1-47.3.7-universal.jar%23388!/:?]
	at net.minecraftforge.fml.ModLoader.handleInlineTransition(ModLoader.java:217) ~[fmlcore-1.20.1-47.3.7.jar%23384!/:?]
	at net.minecraftforge.fml.ModLoader.lambda$dispatchAndHandleError$19(ModLoader.java:209) ~[fmlcore-1.20.1-47.3.7.jar%23384!/:?]
	at java.util.Optional.ifPresent(Optional.java:178) ~[?:?]
	at net.minecraftforge.fml.ModLoader.dispatchAndHandleError(ModLoader.java:209) ~[fmlcore-1.20.1-47.3.7.jar%23384!/:?]
	at net.minecraftforge.fml.ModLoader.lambda$gatherAndInitializeMods$13(ModLoader.java:183) ~[fmlcore-1.20.1-47.3.7.jar%23384!/:?]
	at java.lang.Iterable.forEach(Iterable.java:75) ~[?:?]
	at net.minecraftforge.fml.ModLoader.gatherAndInitializeMods(ModLoader.java:183) ~[fmlcore-1.20.1-47.3.7.jar%23384!/:?]
	at net.minecraftforge.server.loading.ServerModLoader.load(ServerModLoader.java:30) ~[forge-1.20.1-47.3.7-universal.jar%23388!/:?]
	at net.minecraft.server.Main.main(Main.java:125) ~[server-1.20.1-20230612.114412-srg.jar%23383!/:?]
	at jdk.internal.reflect.NativeMethodAccessorImpl.invoke0(Native Method) ~[?:?]
	at jdk.internal.reflect.NativeMethodAccessorImpl.invoke(NativeMethodAccessorImpl.java:77) ~[?:?]
	at jdk.internal.reflect.DelegatingMethodAccessorImpl.invoke(DelegatingMethodAccessorImpl.java:43) ~[?:?]
	at java.lang.reflect.Method.invoke(Method.java:569) ~[?:?]
	at net.minecraftforge.fml.loading.targets.CommonLaunchHandler.runTarget(CommonLaunchHandler.java:111) ~[fmlloader-1.20.1-47.3.7.jar%2369!/:?]
	at net.minecraftforge.fml.loading.targets.CommonLaunchHandler.serverService(CommonLaunchHandler.java:103) ~[fmlloader-1.20.1-47.3.7.jar%2369!/:?]
	at net.minecraftforge.fml.loading.targets.CommonServerLaunchHandler.lambda$makeService$0(CommonServerLaunchHandler.java:27) ~[fmlloader-1.20.1-47.3.7.jar%2369!/:?]
	at cpw.mods.modlauncher.LaunchServiceHandlerDecorator.launch(LaunchServiceHandlerDecorator.java:30) ~[modlauncher-10.0.9.jar%2355!/:?]
	at cpw.mods.modlauncher.LaunchServiceHandler.launch(LaunchServiceHandler.java:53) ~[modlauncher-10.0.9.jar%2355!/:?]
	at cpw.mods.modlauncher.LaunchServiceHandler.launch(LaunchServiceHandler.java:71) ~[modlauncher-10.0.9.jar%2355!/:?]
	at cpw.mods.modlauncher.Launcher.run(Launcher.java:108) ~[modlauncher-10.0.9.jar%2355!/:?]
	at cpw.mods.modlauncher.Launcher.main(Launcher.java:78) ~[modlauncher-10.0.9.jar%2355!/:?]
	at cpw.mods.modlauncher.BootstrapLaunchConsumer.accept(BootstrapLaunchConsumer.java:26) ~[modlauncher-10.0.9.jar%2355!/:?]
	at cpw.mods.modlauncher.BootstrapLaunchConsumer.accept(BootstrapLaunchConsumer.java:23) ~[modlauncher-10.0.9.jar%2355!/:?]
	at cpw.mods.bootstraplauncher.BootstrapLauncher.main(BootstrapLauncher.java:141) ~[bootstraplauncher-1.1.2.jar:?]
[25Oct2025 15:39:04.424] [main/WARN] [Radium Class Analysis/]: Radium Class Analysis Error: Class com.cerbon.bosses_of_mass_destruction.block.custom.MobWardBlock cannot be analysed, because getting declared methods crashes with NoClassDefFoundError: net/minecraft/client/particle/TextureSheetParticle. This is usually caused by modded entities declaring methods that have a return type or parameter type that is annotated with @OnlyIn(Dist.CLIENT). Loading the type is not possible, because it only exists in the CLIENT environment. The recommended fix is to annotate the method with this argument or return type with the same annotation. Lithium handles this error by assuming the class cannot be included in some optimizations.
[25Oct2025 15:39:04.424] [main/ERROR] [net.minecraftforge.eventbus.EventSubclassTransformer/EVENTBUS]: Could not find parent net/minecraft/client/particle/TextureSheetParticle for class com/cerbon/cerbons_api/api/general/particle/SimpleParticle in classloader cpw.mods.modlauncher.TransformingClassLoader@1827fc4e on thread Thread[main,5,main]
[25Oct2025 15:39:04.425] [main/ERROR] [net.minecraftforge.eventbus.EventSubclassTransformer/EVENTBUS]: An error occurred building event handler
java.lang.ClassNotFoundException: net.minecraft.client.particle.TextureSheetParticle
	at cpw.mods.cl.ModuleClassLoader.loadClass(ModuleClassLoader.java:141) ~[securejarhandler-2.1.10.jar:?]
	at java.lang.ClassLoader.loadClass(ClassLoader.java:525) ~[?:?]
	at net.minecraftforge.eventbus.EventSubclassTransformer.buildEvents(EventSubclassTransformer.java:97) ~[eventbus-6.0.5.jar%2352!/:?]
	at net.minecraftforge.eventbus.EventSubclassTransformer.transform(EventSubclassTransformer.java:48) ~[eventbus-6.0.5.jar%2352!/:?]
	at net.minecraftforge.eventbus.EventBusEngine.processClass(EventBusEngine.java:26) ~[eventbus-6.0.5.jar%2352!/:?]
	at net.minecraftforge.eventbus.service.ModLauncherService.processClassWithFlags(ModLauncherService.java:32) ~[eventbus-6.0.5.jar%2352!/:6.0.5+6.0.5+master.eb8e549b]
	at cpw.mods.modlauncher.LaunchPluginHandler.offerClassNodeToPlugins(LaunchPluginHandler.java:88) ~[modlauncher-10.0.9.jar%2355!/:?]
	at cpw.mods.modlauncher.ClassTransformer.transform(ClassTransformer.java:120) ~[modlauncher-10.0.9.jar%2355!/:?]
	at cpw.mods.modlauncher.TransformingClassLoader.maybeTransformClassBytes(TransformingClassLoader.java:50) ~[modlauncher-10.0.9.jar%2355!/:?]
	at cpw.mods.cl.ModuleClassLoader.readerToClass(ModuleClassLoader.java:113) ~[securejarhandler-2.1.10.jar:?]
	at cpw.mods.cl.ModuleClassLoader.lambda$findClass$15(ModuleClassLoader.java:219) ~[securejarhandler-2.1.10.jar:?]
	at cpw.mods.cl.ModuleClassLoader.loadFromModule(ModuleClassLoader.java:229) ~[securejarhandler-2.1.10.jar:?]
	at cpw.mods.cl.ModuleClassLoader.findClass(ModuleClassLoader.java:219) ~[securejarhandler-2.1.10.jar:?]
	at cpw.mods.cl.ModuleClassLoader.loadClass(ModuleClassLoader.java:135) ~[securejarhandler-2.1.10.jar:?]
	at java.lang.ClassLoader.loadClass(ClassLoader.java:525) ~[?:?]
	at java.lang.Class.getDeclaredMethods0(Native Method) ~[?:?]
	at java.lang.Class.privateGetDeclaredMethods(Class.java:3402) ~[?:?]
	at java.lang.Class.getDeclaredMethod(Class.java:2673) ~[?:?]
	at me.jellysquid.mods.lithium.common.reflection.ReflectionUtil.hasMethodOverride(ReflectionUtil.java:13) ~[radium-mc1.20.1-0.12.4+git.26c9d8e.jar%23347!/:?]
	at me.jellysquid.mods.lithium.common.ai.pathing.BlockClassChecker.lambda$hasNonstandardImplementation$0(BlockClassChecker.java:30) ~[radium-mc1.20.1-0.12.4+git.26c9d8e.jar%23347!/:?]
	at java.util.concurrent.ConcurrentHashMap.computeIfAbsent(ConcurrentHashMap.java:1708) ~[?:?]
	at me.jellysquid.mods.lithium.common.ai.pathing.BlockClassChecker.shouldUseDynamicBurningCheck(BlockClassChecker.java:26) ~[radium-mc1.20.1-0.12.4+git.26c9d8e.jar%23347!/:?]
	at net.minecraft.world.level.block.Block.handler$zlg000$postConstruct(Block.java:1640) ~[server-1.20.1-20230612.114412-srg.jar%23383!/:?]
	at net.minecraft.world.level.block.Block.<init>(Block.java:181) ~[server-1.20.1-20230612.114412-srg.jar%23383!/:?]
	at net.minecraft.world.level.block.BaseEntityBlock.<init>(BaseEntityBlock.java:15) ~[server-1.20.1-20230612.114412-srg.jar%23383!/:?]
	at com.cerbon.bosses_of_mass_destruction.block.custom.MobWardBlock.<init>(MobWardBlock.java:45) ~[BOMD-Forge-1.20.1-1.1.2.jar%23269!/:1.1.2]
	at com.cerbon.bosses_of_mass_destruction.block.BMDBlocks.lambda$static$10(BMDBlocks.java:42) ~[BOMD-Forge-1.20.1-1.1.2.jar%23269!/:1.1.2]
	at net.minecraftforge.registries.DeferredRegister.lambda$addEntries$1(DeferredRegister.java:386) ~[forge-1.20.1-47.3.7-universal.jar%23388!/:?]
	at net.minecraftforge.registries.RegisterEvent.register(RegisterEvent.java:59) ~[forge-1.20.1-47.3.7-universal.jar%23388!/:?]
	at net.minecraftforge.registries.DeferredRegister.addEntries(DeferredRegister.java:386) ~[forge-1.20.1-47.3.7-universal.jar%23388!/:?]
	at net.minecraftforge.registries.DeferredRegister$EventDispatcher.handleEvent(DeferredRegister.java:328) ~[forge-1.20.1-47.3.7-universal.jar%23388!/:?]
	at net.minecraftforge.registries.__EventDispatcher_handleEvent_RegisterEvent.invoke(.dynamic) ~[forge-1.20.1-47.3.7-universal.jar%23388!/:?]
	at net.minecraftforge.eventbus.ASMEventHandler.invoke(ASMEventHandler.java:73) ~[eventbus-6.0.5.jar%2352!/:?]
	at net.minecraftforge.eventbus.EventBus.post(EventBus.java:315) ~[eventbus-6.0.5.jar%2352!/:?]
	at net.minecraftforge.eventbus.EventBus.post(EventBus.java:296) ~[eventbus-6.0.5.jar%2352!/:?]
	at net.minecraftforge.fml.javafmlmod.FMLModContainer.acceptEvent(FMLModContainer.java:114) ~[javafmllanguage-1.20.1-47.3.7.jar%23385!/:?]
	at net.minecraftforge.fml.ModLoader.lambda$postEventWithWrapInModOrder$33(ModLoader.java:346) ~[fmlcore-1.20.1-47.3.7.jar%23384!/:?]
	at java.lang.Iterable.forEach(Iterable.java:75) ~[?:?]
	at net.minecraftforge.fml.ModList.forEachModInOrder(ModList.java:227) ~[fmlcore-1.20.1-47.3.7.jar%23384!/:?]
	at net.minecraftforge.fml.ModLoader.postEventWithWrapInModOrder(ModLoader.java:344) ~[fmlcore-1.20.1-47.3.7.jar%23384!/:?]
	at net.minecraftforge.fml.ModLoader.postEventWrapContainerInModOrder(ModLoader.java:337) ~[fmlcore-1.20.1-47.3.7.jar%23384!/:?]
	at net.minecraftforge.registries.GameData.postRegisterEvents(GameData.java:329) ~[forge-1.20.1-47.3.7-universal.jar%23388!/:?]
	at net.minecraftforge.common.ForgeStatesProvider.lambda$new$4(ForgeStatesProvider.java:25) ~[forge-1.20.1-47.3.7-universal.jar%23388!/:?]
	at net.minecraftforge.fml.ModLoader.handleInlineTransition(ModLoader.java:217) ~[fmlcore-1.20.1-47.3.7.jar%23384!/:?]
	at net.minecraftforge.fml.ModLoader.lambda$dispatchAndHandleError$19(ModLoader.java:209) ~[fmlcore-1.20.1-47.3.7.jar%23384!/:?]
	at java.util.Optional.ifPresent(Optional.java:178) ~[?:?]
	at net.minecraftforge.fml.ModLoader.dispatchAndHandleError(ModLoader.java:209) ~[fmlcore-1.20.1-47.3.7.jar%23384!/:?]
	at net.minecraftforge.fml.ModLoader.lambda$gatherAndInitializeMods$13(ModLoader.java:183) ~[fmlcore-1.20.1-47.3.7.jar%23384!/:?]
	at java.lang.Iterable.forEach(Iterable.java:75) ~[?:?]
	at net.minecraftforge.fml.ModLoader.gatherAndInitializeMods(ModLoader.java:183) ~[fmlcore-1.20.1-47.3.7.jar%23384!/:?]
	at net.minecraftforge.server.loading.ServerModLoader.load(ServerModLoader.java:30) ~[forge-1.20.1-47.3.7-universal.jar%23388!/:?]
	at net.minecraft.server.Main.main(Main.java:125) ~[server-1.20.1-20230612.114412-srg.jar%23383!/:?]
	at jdk.internal.reflect.NativeMethodAccessorImpl.invoke0(Native Method) ~[?:?]
	at jdk.internal.reflect.NativeMethodAccessorImpl.invoke(NativeMethodAccessorImpl.java:77) ~[?:?]
	at jdk.internal.reflect.DelegatingMethodAccessorImpl.invoke(DelegatingMethodAccessorImpl.java:43) ~[?:?]
	at java.lang.reflect.Method.invoke(Method.java:569) ~[?:?]
	at net.minecraftforge.fml.loading.targets.CommonLaunchHandler.runTarget(CommonLaunchHandler.java:111) ~[fmlloader-1.20.1-47.3.7.jar%2369!/:?]
	at net.minecraftforge.fml.loading.targets.CommonLaunchHandler.serverService(CommonLaunchHandler.java:103) ~[fmlloader-1.20.1-47.3.7.jar%2369!/:?]
	at net.minecraftforge.fml.loading.targets.CommonServerLaunchHandler.lambda$makeService$0(CommonServerLaunchHandler.java:27) ~[fmlloader-1.20.1-47.3.7.jar%2369!/:?]
	at cpw.mods.modlauncher.LaunchServiceHandlerDecorator.launch(LaunchServiceHandlerDecorator.java:30) ~[modlauncher-10.0.9.jar%2355!/:?]
	at cpw.mods.modlauncher.LaunchServiceHandler.launch(LaunchServiceHandler.java:53) ~[modlauncher-10.0.9.jar%2355!/:?]
	at cpw.mods.modlauncher.LaunchServiceHandler.launch(LaunchServiceHandler.java:71) ~[modlauncher-10.0.9.jar%2355!/:?]
	at cpw.mods.modlauncher.Launcher.run(Launcher.java:108) ~[modlauncher-10.0.9.jar%2355!/:?]
	at cpw.mods.modlauncher.Launcher.main(Launcher.java:78) ~[modlauncher-10.0.9.jar%2355!/:?]
	at cpw.mods.modlauncher.BootstrapLaunchConsumer.accept(BootstrapLaunchConsumer.java:26) ~[modlauncher-10.0.9.jar%2355!/:?]
	at cpw.mods.modlauncher.BootstrapLaunchConsumer.accept(BootstrapLaunchConsumer.java:23) ~[modlauncher-10.0.9.jar%2355!/:?]
	at cpw.mods.bootstraplauncher.BootstrapLauncher.main(BootstrapLauncher.java:141) ~[bootstraplauncher-1.1.2.jar:?]
[25Oct2025 15:39:04.427] [main/WARN] [Radium Class Analysis/]: Radium Class Analysis Error: Class com.cerbon.bosses_of_mass_destruction.block.custom.MobWardBlock cannot be analysed, because getting declared methods crashes with NoClassDefFoundError: net/minecraft/client/particle/TextureSheetParticle. This is usually caused by modded entities declaring methods that have a return type or parameter type that is annotated with @OnlyIn(Dist.CLIENT). Loading the type is not possible, because it only exists in the CLIENT environment. The recommended fix is to annotate the method with this argument or return type with the same annotation. Lithium handles this error by assuming the class cannot be included in some optimizations.
[25Oct2025 15:39:05.941] [main/ERROR] [net.minecraftforge.fml.config.ConfigTracker/CONFIG]: Detected config file conflict multitools.toml between multitools and multitools
[25Oct2025 15:39:05.942] [main/WARN] [Multitools Enhanced/]: Error loading config java.lang.reflect.InvocationTargetException
[25Oct2025 15:39:06.584] [main/WARN] [dev.architectury.registry.registries.forge.RegistrarManagerImpl/]: Registry entry listened Registry Entry [minecraft:entity_type / artifacts:mimic] was not realized!
[25Oct2025 15:39:07.249] [main/WARN] [dev.architectury.registry.registries.forge.RegistrarManagerImpl/]: Registry entry listened Registry Entry [minecraft:entity_type / artifacts:mimic] was not realized!
[25Oct2025 15:39:07.255] [main/WARN] [dev.architectury.registry.registries.forge.RegistrarManagerImpl/]: Registry entry listened Registry Entry [minecraft:entity_type / artifacts:mimic] was not realized!
[25Oct2025 15:39:07.457] [main/INFO] [Moonlight/]: Initialized block sets in 35ms
[25Oct2025 15:39:07.812] [main/INFO] [ModernFix/]: Bypassed Mojang DFU
[25Oct2025 15:39:07.812] [main/INFO] [ModernFix/]: Instantiating Mojang DFU
[25Oct2025 15:39:09.516] [main/WARN] [net.minecraft.network.syncher.SynchedEntityData/]: defineId called for: class com.github.alexmodguy.alexscaves.server.entity.living.TremorzillaEntity from class com.github.alexmodguy.alexscaves.server.entity.living.LicowitchEntity
[25Oct2025 15:39:09.529] [main/WARN] [net.minecraft.network.syncher.SynchedEntityData/]: defineId called for: class net.miauczel.legendary_monsters.entity.custom.Cloud_GolemEntity from class net.miauczel.legendary_monsters.entity.AnimatedMonster.OriginClasses.IAnimatedBoss
[25Oct2025 15:39:09.529] [main/WARN] [net.minecraft.network.syncher.SynchedEntityData/]: defineId called for: class net.miauczel.legendary_monsters.entity.custom.Cloud_GolemEntity from class net.miauczel.legendary_monsters.entity.AnimatedMonster.OriginClasses.IAnimatedBoss
[25Oct2025 15:39:09.529] [main/WARN] [net.minecraft.network.syncher.SynchedEntityData/]: defineId called for: class net.miauczel.legendary_monsters.entity.custom.Cloud_GolemEntity from class net.miauczel.legendary_monsters.entity.AnimatedMonster.OriginClasses.IAnimatedBoss
[25Oct2025 15:39:09.532] [main/WARN] [net.minecraft.network.syncher.SynchedEntityData/]: defineId called for: class net.miauczel.legendary_monsters.entity.custom.Shulker_MimicEntity from class net.miauczel.legendary_monsters.entity.custom.OldShulkerMimic
[25Oct2025 15:39:09.865] [main/WARN] [net.minecraftforge.common.ForgeConfigSpec/CORE]: Configuration file /workspaces/Server.onepiece02/servidor_minecraft/config/unusualprehistory-common.toml is not correct. Correcting
[25Oct2025 15:39:09.867] [main/WARN] [net.minecraftforge.common.ForgeConfigSpec/CORE]: Incorrect key brachi_sound_volume was corrected from 3.0 to its default, 3.0. 
[25Oct2025 15:39:09.868] [main/WARN] [net.minecraftforge.common.ForgeConfigSpec/CORE]: Incorrect key brachi_teen_sound_volume was corrected from 1.5 to its default, 1.5. 
[25Oct2025 15:39:09.869] [main/WARN] [net.minecraftforge.common.ForgeConfigSpec/CORE]: Incorrect key rex_sound_volume was corrected from 0.5 to its default, 0.5. 
[25Oct2025 15:39:10.448] [modloading-worker-0/INFO] [me.steinborn.krypton.mod.shared.Krypton/]: Compression will use libdeflate (Linux x86_64), encryption will use OpenSSL 3.0.x (Linux x86_64)
[25Oct2025 15:39:10.466] [Forge Version Check/INFO] [net.minecraftforge.fml.VersionChecker/]: [mr_stellarity_lite] Starting version check at https://api.modrinth.com/updates/NsYxnUJm/forge_updates.json
[25Oct2025 15:39:10.492] [modloading-worker-0/INFO] [com.chunksending.ChunkSending/]: chunksending mod initialized
[25Oct2025 15:39:10.508] [modloading-worker-0/INFO] [net.gobies.moreartifacts.MoreArtifacts/]: [More Artifacts] Ice and Fire Compat Loaded
[25Oct2025 15:39:10.539] [modloading-worker-0/INFO] [com.connectivity.Connectivity/]: Connectivity initialized
[25Oct2025 15:39:10.565] [modloading-worker-0/INFO] [com.gpumemleakfix.Gpumemleakfix/]: gpumemleakfix mod initialized
[25Oct2025 15:39:10.565] [modloading-worker-0/INFO] [com.structureessentials.StructureEssentials/]: structureessentials mod initialized
[25Oct2025 15:39:10.623] [Forge Version Check/INFO] [net.minecraftforge.fml.VersionChecker/]: [mr_stellarity_lite] Found status: OUTDATED Current: 1.20.1 Target: 1.20.1+mod
[25Oct2025 15:39:10.624] [Forge Version Check/INFO] [net.minecraftforge.fml.VersionChecker/]: [corpse] Starting version check at https://update.maxhenkel.de/forge/corpse
[25Oct2025 15:39:10.724] [modloading-worker-0/INFO] [lostcities/]: Creating standard profiles into 'config/lostcities/profiles'
[25Oct2025 15:39:10.878] [Thread-0/INFO] [ModernFix/]: Please use /mfsrc to reload any changed mod config files
[25Oct2025 15:39:10.955] [modloading-worker-0/INFO] [lostcities/]: Reading existing profiles from 'config/lostcities/profiles'
[25Oct2025 15:39:11.107] [main/INFO] [terrablender/]: Registered region minecraft:overworld to index 0 for type OVERWORLD
[25Oct2025 15:39:11.107] [main/INFO] [terrablender/]: Registered region minecraft:nether to index 0 for type NETHER
[25Oct2025 15:39:11.108] [main/INFO] [terrablender/]: Registered region biomesoplenty:overworld_primary to index 1 for type OVERWORLD
[25Oct2025 15:39:11.108] [main/INFO] [terrablender/]: Registered region biomesoplenty:overworld_secondary to index 2 for type OVERWORLD
[25Oct2025 15:39:11.108] [main/INFO] [terrablender/]: Registered region biomesoplenty:overworld_rare to index 3 for type OVERWORLD
[25Oct2025 15:39:11.108] [main/INFO] [terrablender/]: Registered region biomesoplenty:nether_common to index 1 for type NETHER
[25Oct2025 15:39:11.108] [main/INFO] [terrablender/]: Registered region biomesoplenty:nether_rare to index 2 for type NETHER
[25Oct2025 15:39:11.126] [main/INFO] [terrablender/]: Registered region werewolves:overworld to index 4 for type OVERWORLD
[25Oct2025 15:39:11.126] [main/INFO] [de.teamlapen.werewolves.modcompat.terrablender.TerraBlenderCompat/]: TerraBlender is installed. Using it to add vampire Forest to overworld.
[25Oct2025 15:39:11.135] [main/INFO] [de.teamlapen.vampirism.core.ModEffects/]: Fixing vanilla night vision potion types
[25Oct2025 15:39:11.136] [main/INFO] [terrablender/]: Registered region vampirism:overworld to index 5 for type OVERWORLD
[25Oct2025 15:39:11.137] [main/INFO] [de.teamlapen.vampirism.modcompat.terrablender.TerraBlenderCompat/]: TerraBlender is installed. Using it to add vampire Forest to overworld.
[25Oct2025 15:39:11.177] [Forge Version Check/INFO] [net.minecraftforge.fml.VersionChecker/]: [corpse] Found status: OUTDATED Current: 1.20.1-1.0.21 Target: 1.20.1-1.0.23
[25Oct2025 15:39:11.180] [Forge Version Check/INFO] [net.minecraftforge.fml.VersionChecker/]: [cumulus_menus] Starting version check at https://github.com/The-Aether-Team/Cumulus/raw/1.20.1-develop/update.json
[25Oct2025 15:39:11.309] [Forge Version Check/INFO] [net.minecraftforge.fml.VersionChecker/]: [cumulus_menus] Found status: UP_TO_DATE Current: 1.20.1-1.0.1-neoforge Target: null
[25Oct2025 15:39:11.309] [Forge Version Check/INFO] [net.minecraftforge.fml.VersionChecker/]: [cfm] Starting version check at https://mrcrayfish.com/modupdatejson?id=cfm
[25Oct2025 15:39:11.357] [main/INFO] [Moonlight/]: Initialized color sets in 85ms
[25Oct2025 15:39:11.438] [Forge Version Check/WARN] [net.minecraftforge.fml.VersionChecker/]: Failed to process update information
com.google.gson.JsonSyntaxException: java.lang.IllegalStateException: Expected BEGIN_OBJECT but was STRING at line 1 column 1 path $
	at com.google.gson.Gson.fromJson(Gson.java:1226) ~[gson-2.10.jar%2372!/:?]
	at com.google.gson.Gson.fromJson(Gson.java:1124) ~[gson-2.10.jar%2372!/:?]
	at com.google.gson.Gson.fromJson(Gson.java:1034) ~[gson-2.10.jar%2372!/:?]
	at com.google.gson.Gson.fromJson(Gson.java:969) ~[gson-2.10.jar%2372!/:?]
	at net.minecraftforge.fml.VersionChecker$1.process(VersionChecker.java:183) ~[fmlcore-1.20.1-47.3.7.jar%23384!/:?]
	at java.lang.Iterable.forEach(Iterable.java:75) ~[?:?]
	at net.minecraftforge.fml.VersionChecker$1.run(VersionChecker.java:114) ~[fmlcore-1.20.1-47.3.7.jar%23384!/:?]
Caused by: java.lang.IllegalStateException: Expected BEGIN_OBJECT but was STRING at line 1 column 1 path $
	at com.google.gson.stream.JsonReader.beginObject(JsonReader.java:393) ~[gson-2.10.jar%2372!/:?]
	at com.google.gson.internal.bind.MapTypeAdapterFactory$Adapter.read(MapTypeAdapterFactory.java:182) ~[gson-2.10.jar%2372!/:?]
	at com.google.gson.internal.bind.MapTypeAdapterFactory$Adapter.read(MapTypeAdapterFactory.java:144) ~[gson-2.10.jar%2372!/:?]
	at com.google.gson.Gson.fromJson(Gson.java:1214) ~[gson-2.10.jar%2372!/:?]
	... 6 more
[25Oct2025 15:39:11.440] [Forge Version Check/INFO] [net.minecraftforge.fml.VersionChecker/]: [radium] Starting version check at https://api.modrinth.com/updates/radium/forge_updates.json
[25Oct2025 15:39:11.514] [Forge Version Check/INFO] [net.minecraftforge.fml.VersionChecker/]: [radium] Found status: AHEAD Current: 0.12.4+git.26c9d8e Target: null
[25Oct2025 15:39:11.514] [Forge Version Check/INFO] [net.minecraftforge.fml.VersionChecker/]: [attributefix] Starting version check at https://updates.blamejared.com/get?n=attributefix&gv=1.20.1
[25Oct2025 15:39:11.567] [modloading-worker-0/INFO] [irons_spells_js/]: Registering spells on Config File...
[25Oct2025 15:39:11.685] [modloading-worker-0/INFO] [io.redspace.ironsspellbooks.IronsSpellbooks/]: Got IMC []
[25Oct2025 15:39:11.775] [modloading-worker-0/INFO] [AttributeFix/]: Loaded values for 87 compatible attributes.
[25Oct2025 15:39:11.779] [modloading-worker-0/INFO] [AttributeFix/]: Loaded 87 values from config.
[25Oct2025 15:39:11.806] [modloading-worker-0/INFO] [AttributeFix/]: Saving config file. 87 entries.
[25Oct2025 15:39:11.806] [modloading-worker-0/INFO] [AttributeFix/]: Applying changes for 87 attributes.
[25Oct2025 15:39:11.833] [main/INFO] [de.teamlapen.vampirism.core.ModEffects/]: Fixing vanilla night vision potion types
[25Oct2025 15:39:11.833] [main/INFO] [de.teamlapen.vampirism.world.biome.OverworldModifications/]: Vampirism Biomes are added via TerraBlender. Not adding them to overworld preset.
[25Oct2025 15:39:11.834] [main/INFO] [de.teamlapen.werewolves.world.gen.OverworldModifications/]: Werewolves Biomes are added via TerraBlender. Not adding them to overworld preset.
[25Oct2025 15:39:11.844] [Forge Version Check/INFO] [net.minecraftforge.fml.VersionChecker/]: [attributefix] Found status: BETA Current: 21.0.4 Target: 21.0.4
[25Oct2025 15:39:11.844] [Forge Version Check/INFO] [net.minecraftforge.fml.VersionChecker/]: [forge] Starting version check at https://files.minecraftforge.net/net/minecraftforge/forge/promotions_slim.json
[25Oct2025 15:39:11.910] [main/INFO] [mcp.mobius.waila.plugin.PluginLoader/]: [WTHIT] Initializing plugin securitycraft:plugin at net.geforcemods.securitycraft.compat.hudmods.WTHITDataProvider
[25Oct2025 15:39:11.923] [main/INFO] [mcp.mobius.waila.plugin.PluginLoader/]: [WTHIT] Initializing common plugin waila:core at mcp.mobius.waila.plugin.core.CoreCommonPlugin
[25Oct2025 15:39:11.926] [main/INFO] [mcp.mobius.waila.plugin.PluginLoader/]: [WTHIT] Initializing common plugin waila:vanilla at mcp.mobius.waila.plugin.vanilla.VanillaCommonPlugin
[25Oct2025 15:39:11.941] [Forge Version Check/INFO] [net.minecraftforge.fml.VersionChecker/]: [forge] Found status: OUTDATED Current: 47.3.7 Target: 47.4.0
[25Oct2025 15:39:11.941] [Forge Version Check/INFO] [net.minecraftforge.fml.VersionChecker/]: [securitycraft] Starting version check at https://www.github.com/Geforce132/SecurityCraft/raw/master/Updates/Forge.json
[25Oct2025 15:39:11.948] [main/INFO] [mcp.mobius.waila.plugin.PluginLoader/]: [WTHIT] Initializing common plugin waila:harvest at mcp.mobius.waila.plugin.harvest.HarvestCommonPlugin
[25Oct2025 15:39:11.949] [main/INFO] [mcp.mobius.waila.plugin.PluginLoader/]: [WTHIT] Initializing common plugin waila:forge at mcp.mobius.waila.plugin.forge.ForgeCommonPlugin
[25Oct2025 15:39:11.952] [main/INFO] [mcp.mobius.waila.plugin.PluginLoader/]: [WTHIT] Initializing plugin waystones:plugin at net.blay09.mods.waystones.compat.WTHITIntegration
[25Oct2025 15:39:11.958] [main/INFO] [mcp.mobius.waila.plugin.PluginLoader/]: [WTHIT] Initializing common plugin waila:extra at mcp.mobius.waila.plugin.extra.ExtraPlugin
[25Oct2025 15:39:12.028] [main/INFO] [mcp.mobius.waila.config.PluginConfig/]: [WTHIT] Plugin config reloaded
[25Oct2025 15:39:12.033] [Forge Version Check/INFO] [net.minecraftforge.fml.VersionChecker/]: [securitycraft] Found status: UP_TO_DATE Current: 1.10.0.1 Target: null
[25Oct2025 15:39:12.034] [Forge Version Check/INFO] [net.minecraftforge.fml.VersionChecker/]: [vampirism] Starting version check at https://api.modrinth.com/updates/vampirism/forge_updates.json
[25Oct2025 15:39:12.072] [Forge Version Check/INFO] [net.minecraftforge.fml.VersionChecker/]: [vampirism] Found status: UP_TO_DATE Current: 1.10.13 Target: null
[25Oct2025 15:39:12.073] [Forge Version Check/INFO] [net.minecraftforge.fml.VersionChecker/]: [ad_astra] Starting version check at https://api.modrinth.com/updates/3ufwT9JF/forge_updates.json
[25Oct2025 15:39:12.144] [Forge Version Check/INFO] [net.minecraftforge.fml.VersionChecker/]: [ad_astra] Found status: UP_TO_DATE Current: 1.15.20 Target: null
[25Oct2025 15:39:12.144] [Forge Version Check/INFO] [net.minecraftforge.fml.VersionChecker/]: [aether] Starting version check at https://github.com/The-Aether-Team/The-Aether/raw/1.20.1-develop/update.json
[25Oct2025 15:39:12.168] [Forge Version Check/INFO] [net.minecraftforge.fml.VersionChecker/]: [aether] Found status: UP_TO_DATE Current: 1.20.1-1.5.2-neoforge Target: null
[25Oct2025 15:39:12.168] [Forge Version Check/INFO] [net.minecraftforge.fml.VersionChecker/]: [twilightforest] Starting version check at https://gh.tamaized.com/TeamTwilight/twilightforest/update.json
[25Oct2025 15:39:12.262] [Forge Version Check/INFO] [net.minecraftforge.fml.VersionChecker/]: [twilightforest] Found status: AHEAD Current: 4.3.2508 Target: null
[25Oct2025 15:39:12.262] [Forge Version Check/INFO] [net.minecraftforge.fml.VersionChecker/]: [smallships] Starting version check at https://raw.githubusercontent.com/talhanation/smallships/main/update.json
[25Oct2025 15:39:12.274] [Forge Version Check/INFO] [net.minecraftforge.fml.VersionChecker/]: [smallships] Found status: UP_TO_DATE Current: 2.0.0-b1.4 Target: null
[25Oct2025 15:39:12.275] [Forge Version Check/INFO] [net.minecraftforge.fml.VersionChecker/]: [clumps] Starting version check at https://updates.blamejared.com/get?n=clumps&gv=1.20.1
[25Oct2025 15:39:12.373] [Forge Version Check/INFO] [net.minecraftforge.fml.VersionChecker/]: [clumps] Found status: BETA Current: 12.0.0.4 Target: 12.0.0.4
[25Oct2025 15:39:12.374] [Forge Version Check/INFO] [net.minecraftforge.fml.VersionChecker/]: [moonlight] Starting version check at https://raw.githubusercontent.com/MehVahdJukaar/Moonlight/multi-loader/forge/update.json
[25Oct2025 15:39:12.385] [Forge Version Check/INFO] [net.minecraftforge.fml.VersionChecker/]: [moonlight] Found status: BETA Current: 1.20-2.14.10 Target: null
[25Oct2025 15:39:12.853] [main/INFO] [com.mojang.authlib.yggdrasil.YggdrasilAuthenticationService/]: Environment: authHost='https://authserver.mojang.com', accountsHost='https://api.mojang.com', sessionHost='https://sessionserver.mojang.com', servicesHost='https://api.minecraftservices.com', name='PROD'
[25Oct2025 15:39:13.601] [main/WARN] [net.minecraft.server.packs.VanillaPackResourcesBuilder/]: Assets URL 'union:/workspaces/Server.onepiece02/servidor_minecraft/libraries/net/minecraft/server/1.20.1-20230612.114412/server-1.20.1-20230612.114412-srg.jar%23383!/assets/.mcassetsroot' uses unexpected schema
[25Oct2025 15:39:13.602] [main/WARN] [net.minecraft.server.packs.VanillaPackResourcesBuilder/]: Assets URL 'union:/workspaces/Server.onepiece02/servidor_minecraft/libraries/net/minecraft/server/1.20.1-20230612.114412/server-1.20.1-20230612.114412-srg.jar%23383!/data/.mcassetsroot' uses unexpected schema
[25Oct2025 15:39:13.626] [main/WARN] [mixin/]: Static binding violation: PRIVATE @Overwrite method m_215924_ in modernfix-forge.mixins.json:perf.tag_id_caching.TagEntryMixin cannot reduce visibiliy of PUBLIC target method, visibility will be upgraded.
[25Oct2025 15:39:13.928] [main/INFO] [com.simibubi.create.Create/]: Created 695 recipes which will be injected into the game
[25Oct2025 15:39:13.948] [main/INFO] [com.simibubi.create.Create/]: Created 40 tags which will be injected into the game
[25Oct2025 15:39:15.128] [main/INFO] [KubeJS Server/]: example.js#5: Hello, World! (Loaded server scripts)
[25Oct2025 15:39:15.129] [main/INFO] [KubeJS Server/]: Loaded script server_scripts:example.js in 0.001 s
[25Oct2025 15:39:15.130] [main/INFO] [KubeJS Server/]: Loaded 1/1 KubeJS server scripts in 0.028 s with 0 errors and 0 warnings
[25Oct2025 15:39:15.131] [main/INFO] [KubeJS Server/]: Scripts loaded
[25Oct2025 15:39:16.100] [main/INFO] [com.cupboard.Cupboard/]: Loaded config for: connectivity.json
[25Oct2025 15:39:16.108] [main/INFO] [bettervillage/]: StructureSet modified for minecraft:village : Now using custom village configuration (can be disabled in the better villages config: boolean.villages.enabled_custom_config).
[25Oct2025 15:39:18.016] [main/INFO] [APTweaks(Gamerules)/]: Registering /aptweaks commands for Adaptive Performance Tweaks: Gamerules ...
[25Oct2025 15:39:18.020] [main/INFO] [APTweaks(Core)/]: Registering /aptweaks commands for Adaptive Performance Tweaks: Core ...
[25Oct2025 15:39:18.045] [main/INFO] [APTweaks(Spawn)/]: Registering /aptweaks commands for Adaptive Performance Tweaks: Spawn ...
[25Oct2025 15:39:18.135] [main/INFO] [APTweaks(Items)/]: Registering /aptweaks commands for Adaptive Performance Tweaks: Items ...
[25Oct2025 15:39:18.137] [main/INFO] [APTweaks(Player)/]: Registering /aptweaks commands for Adaptive Performance Tweaks: Player ...
[25Oct2025 15:39:18.216] [main/INFO] [com.github.alexthe666.alexsmobs.AlexsMobs/]: Adding datapack listener capsid_recipes
[25Oct2025 15:39:18.779] [Worker-Main-5/ERROR] [net.minecraft.tags.TagLoader/]: Couldn't load tag legendary_monsters:ancient_stronghold_biomes as it is missing following references: minecraft:spruce_forest (from legendarymonsters-1.9.7 MC 1.20.1.jar)
[25Oct2025 15:39:19.081] [Worker-Main-4/ERROR] [net.minecraft.tags.TagLoader/]: Couldn't load tag minecraft:impact_projectiles as it is missing following references: cataclysm:ceraunus (from L_Enders_Cataclysm-3.03.jar)
[25Oct2025 15:39:19.323] [Worker-Main-5/ERROR] [net.minecraft.tags.TagLoader/]: Couldn't load tag traveloptics:magic_sword_weapon_type as it is missing following references: minecraft: (from traveloptics-5.4.2-1.20.1.jar)
[25Oct2025 15:39:19.971] [Worker-Main-4/ERROR] [net.minecraftforge.common.ForgeHooks/]: Couldn't parse element loot_tables:nfm:blocks/beige_wall_cabinet
com.google.gson.JsonSyntaxException: Expected name to be an item, was unknown string 'nfm:beige_wall_cabinet'
	at net.minecraft.util.GsonHelper.m_13866_(GsonHelper.java:145) ~[server-1.20.1-20230612.114412-srg.jar%23383!/:?]
	at java.util.Optional.orElseThrow(Optional.java:403) ~[?:?]
	at net.minecraft.util.GsonHelper.m_13874_(GsonHelper.java:145) ~[server-1.20.1-20230612.114412-srg.jar%23383!/:?]
	at net.minecraft.util.GsonHelper.m_13909_(GsonHelper.java:153) ~[server-1.20.1-20230612.114412-srg.jar%23383!/:?]
	at net.minecraft.world.level.storage.loot.entries.LootItem$Serializer.m_7267_(LootItem.java:55) ~[server-1.20.1-20230612.114412-srg.jar%23383!/:?]
	at net.minecraft.world.level.storage.loot.entries.LootItem$Serializer.m_7267_(LootItem.java:40) ~[server-1.20.1-20230612.114412-srg.jar%23383!/:?]
	at net.minecraft.world.level.storage.loot.entries.LootPoolSingletonContainer$Serializer.m_5921_(LootPoolSingletonContainer.java:151) ~[server-1.20.1-20230612.114412-srg.jar%23383!/:?]
	at net.minecraft.world.level.storage.loot.entries.LootPoolSingletonContainer$Serializer.m_5921_(LootPoolSingletonContainer.java:129) ~[server-1.20.1-20230612.114412-srg.jar%23383!/:?]
	at net.minecraft.world.level.storage.loot.entries.LootPoolEntryContainer$Serializer.m_7561_(LootPoolEntryContainer.java:86) ~[server-1.20.1-20230612.114412-srg.jar%23383!/:?]
	at net.minecraft.world.level.storage.loot.entries.LootPoolEntryContainer$Serializer.m_7561_(LootPoolEntryContainer.java:74) ~[server-1.20.1-20230612.114412-srg.jar%23383!/:?]
	at net.minecraft.world.level.storage.loot.GsonAdapterFactory$JsonAdapter.deserialize(GsonAdapterFactory.java:102) ~[server-1.20.1-20230612.114412-srg.jar%23383!/:?]
	at com.google.gson.internal.bind.TreeTypeAdapter.read(TreeTypeAdapter.java:76) ~[gson-2.10.jar%2372!/:?]
	at com.google.gson.internal.bind.TypeAdapterRuntimeTypeWrapper.read(TypeAdapterRuntimeTypeWrapper.java:40) ~[gson-2.10.jar%2372!/:?]
	at com.google.gson.internal.bind.ArrayTypeAdapter.read(ArrayTypeAdapter.java:72) ~[gson-2.10.jar%2372!/:?]
	at com.google.gson.Gson.fromJson(Gson.java:1214) ~[gson-2.10.jar%2372!/:?]
	at com.google.gson.Gson.fromJson(Gson.java:1319) ~[gson-2.10.jar%2372!/:?]
	at com.google.gson.Gson.fromJson(Gson.java:1290) ~[gson-2.10.jar%2372!/:?]
	at com.google.gson.internal.bind.TreeTypeAdapter$GsonContextImpl.deserialize(TreeTypeAdapter.java:179) ~[gson-2.10.jar%2372!/:?]
	at net.minecraft.util.GsonHelper.m_13808_(GsonHelper.java:463) ~[server-1.20.1-20230612.114412-srg.jar%23383!/:?]
	at net.minecraft.util.GsonHelper.m_13836_(GsonHelper.java:471) ~[server-1.20.1-20230612.114412-srg.jar%23383!/:?]
	at net.minecraft.world.level.storage.loot.LootPool$Serializer.deserialize(LootPool.java:192) ~[server-1.20.1-20230612.114412-srg.jar%23383!/:?]
	at net.minecraft.world.level.storage.loot.LootPool$Serializer.deserialize(LootPool.java:189) ~[server-1.20.1-20230612.114412-srg.jar%23383!/:?]
	at com.google.gson.internal.bind.TreeTypeAdapter.read(TreeTypeAdapter.java:76) ~[gson-2.10.jar%2372!/:?]
	at com.google.gson.internal.bind.TypeAdapterRuntimeTypeWrapper.read(TypeAdapterRuntimeTypeWrapper.java:40) ~[gson-2.10.jar%2372!/:?]
	at com.google.gson.internal.bind.ArrayTypeAdapter.read(ArrayTypeAdapter.java:72) ~[gson-2.10.jar%2372!/:?]
	at com.google.gson.Gson.fromJson(Gson.java:1214) ~[gson-2.10.jar%2372!/:?]
	at com.google.gson.Gson.fromJson(Gson.java:1319) ~[gson-2.10.jar%2372!/:?]
	at com.google.gson.Gson.fromJson(Gson.java:1290) ~[gson-2.10.jar%2372!/:?]
	at com.google.gson.internal.bind.TreeTypeAdapter$GsonContextImpl.deserialize(TreeTypeAdapter.java:179) ~[gson-2.10.jar%2372!/:?]
	at net.minecraft.util.GsonHelper.m_13808_(GsonHelper.java:463) ~[server-1.20.1-20230612.114412-srg.jar%23383!/:?]
	at net.minecraft.util.GsonHelper.m_13845_(GsonHelper.java:481) ~[server-1.20.1-20230612.114412-srg.jar%23383!/:?]
	at net.minecraft.world.level.storage.loot.LootTable$Serializer.deserialize(LootTable.java:294) ~[server-1.20.1-20230612.114412-srg.jar%23383!/:?]
	at net.minecraft.world.level.storage.loot.LootTable$Serializer.deserialize(LootTable.java:291) ~[server-1.20.1-20230612.114412-srg.jar%23383!/:?]
	at com.google.gson.internal.bind.TreeTypeAdapter.read(TreeTypeAdapter.java:76) ~[gson-2.10.jar%2372!/:?]
	at com.google.gson.Gson.fromJson(Gson.java:1214) ~[gson-2.10.jar%2372!/:?]
	at com.google.gson.Gson.fromJson(Gson.java:1319) ~[gson-2.10.jar%2372!/:?]
	at com.google.gson.Gson.fromJson(Gson.java:1261) ~[gson-2.10.jar%2372!/:?]
	at net.minecraftforge.common.ForgeHooks.loadLootTable(ForgeHooks.java:871) ~[forge-1.20.1-47.3.7-universal.jar%23388!/:?]
	at net.minecraftforge.common.ForgeHooks.lambda$getLootTableDeserializer$3(ForgeHooks.java:848) ~[forge-1.20.1-47.3.7-universal.jar%23388!/:?]
	at net.minecraft.world.level.storage.loot.LootDataType.deserialize(LootDataType.java:45) ~[server-1.20.1-20230612.114412-srg.jar%23383!/:?]
	at net.minecraft.world.level.storage.loot.LootDataManager.lambda$scheduleElementParse$4(LootDataManager.java:56) ~[server-1.20.1-20230612.114412-srg.jar%23383!/:?]
	at java.util.HashMap.forEach(HashMap.java:1421) ~[?:?]
	at net.minecraft.world.level.storage.loot.LootDataManager.m_278660_(LootDataManager.java:55) ~[server-1.20.1-20230612.114412-srg.jar%23383!/:?]
	at java.util.concurrent.CompletableFuture$AsyncRun.run(CompletableFuture.java:1804) ~[?:?]
	at java.util.concurrent.CompletableFuture$AsyncRun.exec(CompletableFuture.java:1796) ~[?:?]
	at java.util.concurrent.ForkJoinTask.doExec(ForkJoinTask.java:373) ~[?:?]
	at java.util.concurrent.ForkJoinPool$WorkQueue.topLevelExec(ForkJoinPool.java:1182) ~[?:?]
	at java.util.concurrent.ForkJoinPool.scan(ForkJoinPool.java:1655) ~[?:?]
	at java.util.concurrent.ForkJoinPool.runWorker(ForkJoinPool.java:1622) ~[?:?]
	at java.util.concurrent.ForkJoinWorkerThread.run(ForkJoinWorkerThread.java:165) ~[?:?]
[25Oct2025 15:39:20.046] [Worker-Main-4/ERROR] [net.minecraftforge.common.ForgeHooks/]: Couldn't parse element loot_tables:nfm:blocks/beige_modern_desk_cabinet
com.google.gson.JsonSyntaxException: Expected name to be an item, was unknown string 'nfm:beige_modern_desk_cabinet'
	at net.minecraft.util.GsonHelper.m_13866_(GsonHelper.java:145) ~[server-1.20.1-20230612.114412-srg.jar%23383!/:?]
	at java.util.Optional.orElseThrow(Optional.java:403) ~[?:?]
	at net.minecraft.util.GsonHelper.m_13874_(GsonHelper.java:145) ~[server-1.20.1-20230612.114412-srg.jar%23383!/:?]
	at net.minecraft.util.GsonHelper.m_13909_(GsonHelper.java:153) ~[server-1.20.1-20230612.114412-srg.jar%23383!/:?]
	at net.minecraft.world.level.storage.loot.entries.LootItem$Serializer.m_7267_(LootItem.java:55) ~[server-1.20.1-20230612.114412-srg.jar%23383!/:?]
	at net.minecraft.world.level.storage.loot.entries.LootItem$Serializer.m_7267_(LootItem.java:40) ~[server-1.20.1-20230612.114412-srg.jar%23383!/:?]
	at net.minecraft.world.level.storage.loot.entries.LootPoolSingletonContainer$Serializer.m_5921_(LootPoolSingletonContainer.java:151) ~[server-1.20.1-20230612.114412-srg.jar%23383!/:?]
	at net.minecraft.world.level.storage.loot.entries.LootPoolSingletonContainer$Serializer.m_5921_(LootPoolSingletonContainer.java:129) ~[server-1.20.1-20230612.114412-srg.jar%23383!/:?]
	at net.minecraft.world.level.storage.loot.entries.LootPoolEntryContainer$Serializer.m_7561_(LootPoolEntryContainer.java:86) ~[server-1.20.1-20230612.114412-srg.jar%23383!/:?]
	at net.minecraft.world.level.storage.loot.entries.LootPoolEntryContainer$Serializer.m_7561_(LootPoolEntryContainer.java:74) ~[server-1.20.1-20230612.114412-srg.jar%23383!/:?]
	at net.minecraft.world.level.storage.loot.GsonAdapterFactory$JsonAdapter.deserialize(GsonAdapterFactory.java:102) ~[server-1.20.1-20230612.114412-srg.jar%23383!/:?]
	at com.google.gson.internal.bind.TreeTypeAdapter.read(TreeTypeAdapter.java:76) ~[gson-2.10.jar%2372!/:?]
	at com.google.gson.internal.bind.TypeAdapterRuntimeTypeWrapper.read(TypeAdapterRuntimeTypeWrapper.java:40) ~[gson-2.10.jar%2372!/:?]
	at com.google.gson.internal.bind.ArrayTypeAdapter.read(ArrayTypeAdapter.java:72) ~[gson-2.10.jar%2372!/:?]
	at com.google.gson.Gson.fromJson(Gson.java:1214) ~[gson-2.10.jar%2372!/:?]
	at com.google.gson.Gson.fromJson(Gson.java:1319) ~[gson-2.10.jar%2372!/:?]
	at com.google.gson.Gson.fromJson(Gson.java:1290) ~[gson-2.10.jar%2372!/:?]
	at com.google.gson.internal.bind.TreeTypeAdapter$GsonContextImpl.deserialize(TreeTypeAdapter.java:179) ~[gson-2.10.jar%2372!/:?]
	at net.minecraft.util.GsonHelper.m_13808_(GsonHelper.java:463) ~[server-1.20.1-20230612.114412-srg.jar%23383!/:?]
	at net.minecraft.util.GsonHelper.m_13836_(GsonHelper.java:471) ~[server-1.20.1-20230612.114412-srg.jar%23383!/:?]
	at net.minecraft.world.level.storage.loot.LootPool$Serializer.deserialize(LootPool.java:192) ~[server-1.20.1-20230612.114412-srg.jar%23383!/:?]
	at net.minecraft.world.level.storage.loot.LootPool$Serializer.deserialize(LootPool.java:189) ~[server-1.20.1-20230612.114412-srg.jar%23383!/:?]
	at com.google.gson.internal.bind.TreeTypeAdapter.read(TreeTypeAdapter.java:76) ~[gson-2.10.jar%2372!/:?]
	at com.google.gson.internal.bind.TypeAdapterRuntimeTypeWrapper.read(TypeAdapterRuntimeTypeWrapper.java:40) ~[gson-2.10.jar%2372!/:?]
	at com.google.gson.internal.bind.ArrayTypeAdapter.read(ArrayTypeAdapter.java:72) ~[gson-2.10.jar%2372!/:?]
	at com.google.gson.Gson.fromJson(Gson.java:1214) ~[gson-2.10.jar%2372!/:?]
	at com.google.gson.Gson.fromJson(Gson.java:1319) ~[gson-2.10.jar%2372!/:?]
	at com.google.gson.Gson.fromJson(Gson.java:1290) ~[gson-2.10.jar%2372!/:?]
	at com.google.gson.internal.bind.TreeTypeAdapter$GsonContextImpl.deserialize(TreeTypeAdapter.java:179) ~[gson-2.10.jar%2372!/:?]
	at net.minecraft.util.GsonHelper.m_13808_(GsonHelper.java:463) ~[server-1.20.1-20230612.114412-srg.jar%23383!/:?]
	at net.minecraft.util.GsonHelper.m_13845_(GsonHelper.java:481) ~[server-1.20.1-20230612.114412-srg.jar%23383!/:?]
	at net.minecraft.world.level.storage.loot.LootTable$Serializer.deserialize(LootTable.java:294) ~[server-1.20.1-20230612.114412-srg.jar%23383!/:?]
	at net.minecraft.world.level.storage.loot.LootTable$Serializer.deserialize(LootTable.java:291) ~[server-1.20.1-20230612.114412-srg.jar%23383!/:?]
	at com.google.gson.internal.bind.TreeTypeAdapter.read(TreeTypeAdapter.java:76) ~[gson-2.10.jar%2372!/:?]
	at com.google.gson.Gson.fromJson(Gson.java:1214) ~[gson-2.10.jar%2372!/:?]
	at com.google.gson.Gson.fromJson(Gson.java:1319) ~[gson-2.10.jar%2372!/:?]
	at com.google.gson.Gson.fromJson(Gson.java:1261) ~[gson-2.10.jar%2372!/:?]
	at net.minecraftforge.common.ForgeHooks.loadLootTable(ForgeHooks.java:871) ~[forge-1.20.1-47.3.7-universal.jar%23388!/:?]
	at net.minecraftforge.common.ForgeHooks.lambda$getLootTableDeserializer$3(ForgeHooks.java:848) ~[forge-1.20.1-47.3.7-universal.jar%23388!/:?]
	at net.minecraft.world.level.storage.loot.LootDataType.deserialize(LootDataType.java:45) ~[server-1.20.1-20230612.114412-srg.jar%23383!/:?]
	at net.minecraft.world.level.storage.loot.LootDataManager.lambda$scheduleElementParse$4(LootDataManager.java:56) ~[server-1.20.1-20230612.114412-srg.jar%23383!/:?]
	at java.util.HashMap.forEach(HashMap.java:1421) ~[?:?]
	at net.minecraft.world.level.storage.loot.LootDataManager.m_278660_(LootDataManager.java:55) ~[server-1.20.1-20230612.114412-srg.jar%23383!/:?]
	at java.util.concurrent.CompletableFuture$AsyncRun.run(CompletableFuture.java:1804) ~[?:?]
	at java.util.concurrent.CompletableFuture$AsyncRun.exec(CompletableFuture.java:1796) ~[?:?]
	at java.util.concurrent.ForkJoinTask.doExec(ForkJoinTask.java:373) ~[?:?]
	at java.util.concurrent.ForkJoinPool$WorkQueue.topLevelExec(ForkJoinPool.java:1182) ~[?:?]
	at java.util.concurrent.ForkJoinPool.scan(ForkJoinPool.java:1655) ~[?:?]
	at java.util.concurrent.ForkJoinPool.runWorker(ForkJoinPool.java:1622) ~[?:?]
	at java.util.concurrent.ForkJoinWorkerThread.run(ForkJoinWorkerThread.java:165) ~[?:?]
[25Oct2025 15:39:20.069] [Worker-Main-4/ERROR] [net.minecraftforge.common.ForgeHooks/]: Couldn't parse element loot_tables:nfm:blocks/beige_modern_desk
com.google.gson.JsonSyntaxException: Expected name to be an item, was unknown string 'nfm:beige_modern_desk'
	at net.minecraft.util.GsonHelper.m_13866_(GsonHelper.java:145) ~[server-1.20.1-20230612.114412-srg.jar%23383!/:?]
	at java.util.Optional.orElseThrow(Optional.java:403) ~[?:?]
	at net.minecraft.util.GsonHelper.m_13874_(GsonHelper.java:145) ~[server-1.20.1-20230612.114412-srg.jar%23383!/:?]
	at net.minecraft.util.GsonHelper.m_13909_(GsonHelper.java:153) ~[server-1.20.1-20230612.114412-srg.jar%23383!/:?]
	at net.minecraft.world.level.storage.loot.entries.LootItem$Serializer.m_7267_(LootItem.java:55) ~[server-1.20.1-20230612.114412-srg.jar%23383!/:?]
	at net.minecraft.world.level.storage.loot.entries.LootItem$Serializer.m_7267_(LootItem.java:40) ~[server-1.20.1-20230612.114412-srg.jar%23383!/:?]
	at net.minecraft.world.level.storage.loot.entries.LootPoolSingletonContainer$Serializer.m_5921_(LootPoolSingletonContainer.java:151) ~[server-1.20.1-20230612.114412-srg.jar%23383!/:?]
	at net.minecraft.world.level.storage.loot.entries.LootPoolSingletonContainer$Serializer.m_5921_(LootPoolSingletonContainer.java:129) ~[server-1.20.1-20230612.114412-srg.jar%23383!/:?]
	at net.minecraft.world.level.storage.loot.entries.LootPoolEntryContainer$Serializer.m_7561_(LootPoolEntryContainer.java:86) ~[server-1.20.1-20230612.114412-srg.jar%23383!/:?]
	at net.minecraft.world.level.storage.loot.entries.LootPoolEntryContainer$Serializer.m_7561_(LootPoolEntryContainer.java:74) ~[server-1.20.1-20230612.114412-srg.jar%23383!/:?]
	at net.minecraft.world.level.storage.loot.GsonAdapterFactory$JsonAdapter.deserialize(GsonAdapterFactory.java:102) ~[server-1.20.1-20230612.114412-srg.jar%23383!/:?]
	at com.google.gson.internal.bind.TreeTypeAdapter.read(TreeTypeAdapter.java:76) ~[gson-2.10.jar%2372!/:?]
	at com.google.gson.internal.bind.TypeAdapterRuntimeTypeWrapper.read(TypeAdapterRuntimeTypeWrapper.java:40) ~[gson-2.10.jar%2372!/:?]
	at com.google.gson.internal.bind.ArrayTypeAdapter.read(ArrayTypeAdapter.java:72) ~[gson-2.10.jar%2372!/:?]
	at com.google.gson.Gson.fromJson(Gson.java:1214) ~[gson-2.10.jar%2372!/:?]
	at com.google.gson.Gson.fromJson(Gson.java:1319) ~[gson-2.10.jar%2372!/:?]
	at com.google.gson.Gson.fromJson(Gson.java:1290) ~[gson-2.10.jar%2372!/:?]
	at com.google.gson.internal.bind.TreeTypeAdapter$GsonContextImpl.deserialize(TreeTypeAdapter.java:179) ~[gson-2.10.jar%2372!/:?]
	at net.minecraft.util.GsonHelper.m_13808_(GsonHelper.java:463) ~[server-1.20.1-20230612.114412-srg.jar%23383!/:?]
	at net.minecraft.util.GsonHelper.m_13836_(GsonHelper.java:471) ~[server-1.20.1-20230612.114412-srg.jar%23383!/:?]
	at net.minecraft.world.level.storage.loot.LootPool$Serializer.deserialize(LootPool.java:192) ~[server-1.20.1-20230612.114412-srg.jar%23383!/:?]
	at net.minecraft.world.level.storage.loot.LootPool$Serializer.deserialize(LootPool.java:189) ~[server-1.20.1-20230612.114412-srg.jar%23383!/:?]
	at com.google.gson.internal.bind.TreeTypeAdapter.read(TreeTypeAdapter.java:76) ~[gson-2.10.jar%2372!/:?]
	at com.google.gson.internal.bind.TypeAdapterRuntimeTypeWrapper.read(TypeAdapterRuntimeTypeWrapper.java:40) ~[gson-2.10.jar%2372!/:?]
	at com.google.gson.internal.bind.ArrayTypeAdapter.read(ArrayTypeAdapter.java:72) ~[gson-2.10.jar%2372!/:?]
	at com.google.gson.Gson.fromJson(Gson.java:1214) ~[gson-2.10.jar%2372!/:?]
	at com.google.gson.Gson.fromJson(Gson.java:1319) ~[gson-2.10.jar%2372!/:?]
	at com.google.gson.Gson.fromJson(Gson.java:1290) ~[gson-2.10.jar%2372!/:?]
	at com.google.gson.internal.bind.TreeTypeAdapter$GsonContextImpl.deserialize(TreeTypeAdapter.java:179) ~[gson-2.10.jar%2372!/:?]
	at net.minecraft.util.GsonHelper.m_13808_(GsonHelper.java:463) ~[server-1.20.1-20230612.114412-srg.jar%23383!/:?]
	at net.minecraft.util.GsonHelper.m_13845_(GsonHelper.java:481) ~[server-1.20.1-20230612.114412-srg.jar%23383!/:?]
	at net.minecraft.world.level.storage.loot.LootTable$Serializer.deserialize(LootTable.java:294) ~[server-1.20.1-20230612.114412-srg.jar%23383!/:?]
	at net.minecraft.world.level.storage.loot.LootTable$Serializer.deserialize(LootTable.java:291) ~[server-1.20.1-20230612.114412-srg.jar%23383!/:?]
	at com.google.gson.internal.bind.TreeTypeAdapter.read(TreeTypeAdapter.java:76) ~[gson-2.10.jar%2372!/:?]
	at com.google.gson.Gson.fromJson(Gson.java:1214) ~[gson-2.10.jar%2372!/:?]
	at com.google.gson.Gson.fromJson(Gson.java:1319) ~[gson-2.10.jar%2372!/:?]
	at com.google.gson.Gson.fromJson(Gson.java:1261) ~[gson-2.10.jar%2372!/:?]
	at net.minecraftforge.common.ForgeHooks.loadLootTable(ForgeHooks.java:871) ~[forge-1.20.1-47.3.7-universal.jar%23388!/:?]
	at net.minecraftforge.common.ForgeHooks.lambda$getLootTableDeserializer$3(ForgeHooks.java:848) ~[forge-1.20.1-47.3.7-universal.jar%23388!/:?]
	at net.minecraft.world.level.storage.loot.LootDataType.deserialize(LootDataType.java:45) ~[server-1.20.1-20230612.114412-srg.jar%23383!/:?]
	at net.minecraft.world.level.storage.loot.LootDataManager.lambda$scheduleElementParse$4(LootDataManager.java:56) ~[server-1.20.1-20230612.114412-srg.jar%23383!/:?]
	at java.util.HashMap.forEach(HashMap.java:1421) ~[?:?]
	at net.minecraft.world.level.storage.loot.LootDataManager.m_278660_(LootDataManager.java:55) ~[server-1.20.1-20230612.114412-srg.jar%23383!/:?]
	at java.util.concurrent.CompletableFuture$AsyncRun.run(CompletableFuture.java:1804) ~[?:?]
	at java.util.concurrent.CompletableFuture$AsyncRun.exec(CompletableFuture.java:1796) ~[?:?]
	at java.util.concurrent.ForkJoinTask.doExec(ForkJoinTask.java:373) ~[?:?]
	at java.util.concurrent.ForkJoinPool$WorkQueue.topLevelExec(ForkJoinPool.java:1182) ~[?:?]
	at java.util.concurrent.ForkJoinPool.scan(ForkJoinPool.java:1655) ~[?:?]
	at java.util.concurrent.ForkJoinPool.runWorker(ForkJoinPool.java:1622) ~[?:?]
	at java.util.concurrent.ForkJoinWorkerThread.run(ForkJoinWorkerThread.java:165) ~[?:?]
[25Oct2025 15:39:20.151] [Worker-Main-4/ERROR] [net.minecraftforge.common.ForgeHooks/]: Couldn't parse element loot_tables:nfm:blocks/beige_modern_chair
com.google.gson.JsonSyntaxException: Expected name to be an item, was unknown string 'nfm:beige_modern_chair'
	at net.minecraft.util.GsonHelper.m_13866_(GsonHelper.java:145) ~[server-1.20.1-20230612.114412-srg.jar%23383!/:?]
	at java.util.Optional.orElseThrow(Optional.java:403) ~[?:?]
	at net.minecraft.util.GsonHelper.m_13874_(GsonHelper.java:145) ~[server-1.20.1-20230612.114412-srg.jar%23383!/:?]
	at net.minecraft.util.GsonHelper.m_13909_(GsonHelper.java:153) ~[server-1.20.1-20230612.114412-srg.jar%23383!/:?]
	at net.minecraft.world.level.storage.loot.entries.LootItem$Serializer.m_7267_(LootItem.java:55) ~[server-1.20.1-20230612.114412-srg.jar%23383!/:?]
	at net.minecraft.world.level.storage.loot.entries.LootItem$Serializer.m_7267_(LootItem.java:40) ~[server-1.20.1-20230612.114412-srg.jar%23383!/:?]
	at net.minecraft.world.level.storage.loot.entries.LootPoolSingletonContainer$Serializer.m_5921_(LootPoolSingletonContainer.java:151) ~[server-1.20.1-20230612.114412-srg.jar%23383!/:?]
	at net.minecraft.world.level.storage.loot.entries.LootPoolSingletonContainer$Serializer.m_5921_(LootPoolSingletonContainer.java:129) ~[server-1.20.1-20230612.114412-srg.jar%23383!/:?]
	at net.minecraft.world.level.storage.loot.entries.LootPoolEntryContainer$Serializer.m_7561_(LootPoolEntryContainer.java:86) ~[server-1.20.1-20230612.114412-srg.jar%23383!/:?]
	at net.minecraft.world.level.storage.loot.entries.LootPoolEntryContainer$Serializer.m_7561_(LootPoolEntryContainer.java:74) ~[server-1.20.1-20230612.114412-srg.jar%23383!/:?]
	at net.minecraft.world.level.storage.loot.GsonAdapterFactory$JsonAdapter.deserialize(GsonAdapterFactory.java:102) ~[server-1.20.1-20230612.114412-srg.jar%23383!/:?]
	at com.google.gson.internal.bind.TreeTypeAdapter.read(TreeTypeAdapter.java:76) ~[gson-2.10.jar%2372!/:?]
	at com.google.gson.internal.bind.TypeAdapterRuntimeTypeWrapper.read(TypeAdapterRuntimeTypeWrapper.java:40) ~[gson-2.10.jar%2372!/:?]
	at com.google.gson.internal.bind.ArrayTypeAdapter.read(ArrayTypeAdapter.java:72) ~[gson-2.10.jar%2372!/:?]
	at com.google.gson.Gson.fromJson(Gson.java:1214) ~[gson-2.10.jar%2372!/:?]
	at com.google.gson.Gson.fromJson(Gson.java:1319) ~[gson-2.10.jar%2372!/:?]
	at com.google.gson.Gson.fromJson(Gson.java:1290) ~[gson-2.10.jar%2372!/:?]
	at com.google.gson.internal.bind.TreeTypeAdapter$GsonContextImpl.deserialize(TreeTypeAdapter.java:179) ~[gson-2.10.jar%2372!/:?]
	at net.minecraft.util.GsonHelper.m_13808_(GsonHelper.java:463) ~[server-1.20.1-20230612.114412-srg.jar%23383!/:?]
	at net.minecraft.util.GsonHelper.m_13836_(GsonHelper.java:471) ~[server-1.20.1-20230612.114412-srg.jar%23383!/:?]
	at net.minecraft.world.level.storage.loot.LootPool$Serializer.deserialize(LootPool.java:192) ~[server-1.20.1-20230612.114412-srg.jar%23383!/:?]
	at net.minecraft.world.level.storage.loot.LootPool$Serializer.deserialize(LootPool.java:189) ~[server-1.20.1-20230612.114412-srg.jar%23383!/:?]
	at com.google.gson.internal.bind.TreeTypeAdapter.read(TreeTypeAdapter.java:76) ~[gson-2.10.jar%2372!/:?]
	at com.google.gson.internal.bind.TypeAdapterRuntimeTypeWrapper.read(TypeAdapterRuntimeTypeWrapper.java:40) ~[gson-2.10.jar%2372!/:?]
	at com.google.gson.internal.bind.ArrayTypeAdapter.read(ArrayTypeAdapter.java:72) ~[gson-2.10.jar%2372!/:?]
	at com.google.gson.Gson.fromJson(Gson.java:1214) ~[gson-2.10.jar%2372!/:?]
	at com.google.gson.Gson.fromJson(Gson.java:1319) ~[gson-2.10.jar%2372!/:?]
	at com.google.gson.Gson.fromJson(Gson.java:1290) ~[gson-2.10.jar%2372!/:?]
	at com.google.gson.internal.bind.TreeTypeAdapter$GsonContextImpl.deserialize(TreeTypeAdapter.java:179) ~[gson-2.10.jar%2372!/:?]
	at net.minecraft.util.GsonHelper.m_13808_(GsonHelper.java:463) ~[server-1.20.1-20230612.114412-srg.jar%23383!/:?]
	at net.minecraft.util.GsonHelper.m_13845_(GsonHelper.java:481) ~[server-1.20.1-20230612.114412-srg.jar%23383!/:?]
	at net.minecraft.world.level.storage.loot.LootTable$Serializer.deserialize(LootTable.java:294) ~[server-1.20.1-20230612.114412-srg.jar%23383!/:?]
	at net.minecraft.world.level.storage.loot.LootTable$Serializer.deserialize(LootTable.java:291) ~[server-1.20.1-20230612.114412-srg.jar%23383!/:?]
	at com.google.gson.internal.bind.TreeTypeAdapter.read(TreeTypeAdapter.java:76) ~[gson-2.10.jar%2372!/:?]
	at com.google.gson.Gson.fromJson(Gson.java:1214) ~[gson-2.10.jar%2372!/:?]
	at com.google.gson.Gson.fromJson(Gson.java:1319) ~[gson-2.10.jar%2372!/:?]
	at com.google.gson.Gson.fromJson(Gson.java:1261) ~[gson-2.10.jar%2372!/:?]
	at net.minecraftforge.common.ForgeHooks.loadLootTable(ForgeHooks.java:871) ~[forge-1.20.1-47.3.7-universal.jar%23388!/:?]
	at net.minecraftforge.common.ForgeHooks.lambda$getLootTableDeserializer$3(ForgeHooks.java:848) ~[forge-1.20.1-47.3.7-universal.jar%23388!/:?]
	at net.minecraft.world.level.storage.loot.LootDataType.deserialize(LootDataType.java:45) ~[server-1.20.1-20230612.114412-srg.jar%23383!/:?]
	at net.minecraft.world.level.storage.loot.LootDataManager.lambda$scheduleElementParse$4(LootDataManager.java:56) ~[server-1.20.1-20230612.114412-srg.jar%23383!/:?]
	at java.util.HashMap.forEach(HashMap.java:1421) ~[?:?]
	at net.minecraft.world.level.storage.loot.LootDataManager.m_278660_(LootDataManager.java:55) ~[server-1.20.1-20230612.114412-srg.jar%23383!/:?]
	at java.util.concurrent.CompletableFuture$AsyncRun.run(CompletableFuture.java:1804) ~[?:?]
	at java.util.concurrent.CompletableFuture$AsyncRun.exec(CompletableFuture.java:1796) ~[?:?]
	at java.util.concurrent.ForkJoinTask.doExec(ForkJoinTask.java:373) ~[?:?]
	at java.util.concurrent.ForkJoinPool$WorkQueue.topLevelExec(ForkJoinPool.java:1182) ~[?:?]
	at java.util.concurrent.ForkJoinPool.scan(ForkJoinPool.java:1655) ~[?:?]
	at java.util.concurrent.ForkJoinPool.runWorker(ForkJoinPool.java:1622) ~[?:?]
	at java.util.concurrent.ForkJoinWorkerThread.run(ForkJoinWorkerThread.java:165) ~[?:?]
[25Oct2025 15:39:20.175] [Worker-Main-4/ERROR] [net.minecraftforge.common.ForgeHooks/]: Couldn't parse element loot_tables:nfm:blocks/beige_modern_coffee_table
com.google.gson.JsonSyntaxException: Expected name to be an item, was unknown string 'nfm:beige_modern_coffee_table'
	at net.minecraft.util.GsonHelper.m_13866_(GsonHelper.java:145) ~[server-1.20.1-20230612.114412-srg.jar%23383!/:?]
	at java.util.Optional.orElseThrow(Optional.java:403) ~[?:?]
	at net.minecraft.util.GsonHelper.m_13874_(GsonHelper.java:145) ~[server-1.20.1-20230612.114412-srg.jar%23383!/:?]
	at net.minecraft.util.GsonHelper.m_13909_(GsonHelper.java:153) ~[server-1.20.1-20230612.114412-srg.jar%23383!/:?]
	at net.minecraft.world.level.storage.loot.entries.LootItem$Serializer.m_7267_(LootItem.java:55) ~[server-1.20.1-20230612.114412-srg.jar%23383!/:?]
	at net.minecraft.world.level.storage.loot.entries.LootItem$Serializer.m_7267_(LootItem.java:40) ~[server-1.20.1-20230612.114412-srg.jar%23383!/:?]
	at net.minecraft.world.level.storage.loot.entries.LootPoolSingletonContainer$Serializer.m_5921_(LootPoolSingletonContainer.java:151) ~[server-1.20.1-20230612.114412-srg.jar%23383!/:?]
	at net.minecraft.world.level.storage.loot.entries.LootPoolSingletonContainer$Serializer.m_5921_(LootPoolSingletonContainer.java:129) ~[server-1.20.1-20230612.114412-srg.jar%23383!/:?]
	at net.minecraft.world.level.storage.loot.entries.LootPoolEntryContainer$Serializer.m_7561_(LootPoolEntryContainer.java:86) ~[server-1.20.1-20230612.114412-srg.jar%23383!/:?]
	at net.minecraft.world.level.storage.loot.entries.LootPoolEntryContainer$Serializer.m_7561_(LootPoolEntryContainer.java:74) ~[server-1.20.1-20230612.114412-srg.jar%23383!/:?]
	at net.minecraft.world.level.storage.loot.GsonAdapterFactory$JsonAdapter.deserialize(GsonAdapterFactory.java:102) ~[server-1.20.1-20230612.114412-srg.jar%23383!/:?]
	at com.google.gson.internal.bind.TreeTypeAdapter.read(TreeTypeAdapter.java:76) ~[gson-2.10.jar%2372!/:?]
	at com.google.gson.internal.bind.TypeAdapterRuntimeTypeWrapper.read(TypeAdapterRuntimeTypeWrapper.java:40) ~[gson-2.10.jar%2372!/:?]
	at com.google.gson.internal.bind.ArrayTypeAdapter.read(ArrayTypeAdapter.java:72) ~[gson-2.10.jar%2372!/:?]
	at com.google.gson.Gson.fromJson(Gson.java:1214) ~[gson-2.10.jar%2372!/:?]
	at com.google.gson.Gson.fromJson(Gson.java:1319) ~[gson-2.10.jar%2372!/:?]
	at com.google.gson.Gson.fromJson(Gson.java:1290) ~[gson-2.10.jar%2372!/:?]
	at com.google.gson.internal.bind.TreeTypeAdapter$GsonContextImpl.deserialize(TreeTypeAdapter.java:179) ~[gson-2.10.jar%2372!/:?]
	at net.minecraft.util.GsonHelper.m_13808_(GsonHelper.java:463) ~[server-1.20.1-20230612.114412-srg.jar%23383!/:?]
	at net.minecraft.util.GsonHelper.m_13836_(GsonHelper.java:471) ~[server-1.20.1-20230612.114412-srg.jar%23383!/:?]
	at net.minecraft.world.level.storage.loot.LootPool$Serializer.deserialize(LootPool.java:192) ~[server-1.20.1-20230612.114412-srg.jar%23383!/:?]
	at net.minecraft.world.level.storage.loot.LootPool$Serializer.deserialize(LootPool.java:189) ~[server-1.20.1-20230612.114412-srg.jar%23383!/:?]
	at com.google.gson.internal.bind.TreeTypeAdapter.read(TreeTypeAdapter.java:76) ~[gson-2.10.jar%2372!/:?]
	at com.google.gson.internal.bind.TypeAdapterRuntimeTypeWrapper.read(TypeAdapterRuntimeTypeWrapper.java:40) ~[gson-2.10.jar%2372!/:?]
	at com.google.gson.internal.bind.ArrayTypeAdapter.read(ArrayTypeAdapter.java:72) ~[gson-2.10.jar%2372!/:?]
	at com.google.gson.Gson.fromJson(Gson.java:1214) ~[gson-2.10.jar%2372!/:?]
	at com.google.gson.Gson.fromJson(Gson.java:1319) ~[gson-2.10.jar%2372!/:?]
	at com.google.gson.Gson.fromJson(Gson.java:1290) ~[gson-2.10.jar%2372!/:?]
	at com.google.gson.internal.bind.TreeTypeAdapter$GsonContextImpl.deserialize(TreeTypeAdapter.java:179) ~[gson-2.10.jar%2372!/:?]
	at net.minecraft.util.GsonHelper.m_13808_(GsonHelper.java:463) ~[server-1.20.1-20230612.114412-srg.jar%23383!/:?]
	at net.minecraft.util.GsonHelper.m_13845_(GsonHelper.java:481) ~[server-1.20.1-20230612.114412-srg.jar%23383!/:?]
	at net.minecraft.world.level.storage.loot.LootTable$Serializer.deserialize(LootTable.java:294) ~[server-1.20.1-20230612.114412-srg.jar%23383!/:?]
	at net.minecraft.world.level.storage.loot.LootTable$Serializer.deserialize(LootTable.java:291) ~[server-1.20.1-20230612.114412-srg.jar%23383!/:?]
	at com.google.gson.internal.bind.TreeTypeAdapter.read(TreeTypeAdapter.java:76) ~[gson-2.10.jar%2372!/:?]
	at com.google.gson.Gson.fromJson(Gson.java:1214) ~[gson-2.10.jar%2372!/:?]
	at com.google.gson.Gson.fromJson(Gson.java:1319) ~[gson-2.10.jar%2372!/:?]
	at com.google.gson.Gson.fromJson(Gson.java:1261) ~[gson-2.10.jar%2372!/:?]
	at net.minecraftforge.common.ForgeHooks.loadLootTable(ForgeHooks.java:871) ~[forge-1.20.1-47.3.7-universal.jar%23388!/:?]
	at net.minecraftforge.common.ForgeHooks.lambda$getLootTableDeserializer$3(ForgeHooks.java:848) ~[forge-1.20.1-47.3.7-universal.jar%23388!/:?]
	at net.minecraft.world.level.storage.loot.LootDataType.deserialize(LootDataType.java:45) ~[server-1.20.1-20230612.114412-srg.jar%23383!/:?]
	at net.minecraft.world.level.storage.loot.LootDataManager.lambda$scheduleElementParse$4(LootDataManager.java:56) ~[server-1.20.1-20230612.114412-srg.jar%23383!/:?]
	at java.util.HashMap.forEach(HashMap.java:1421) ~[?:?]
	at net.minecraft.world.level.storage.loot.LootDataManager.m_278660_(LootDataManager.java:55) ~[server-1.20.1-20230612.114412-srg.jar%23383!/:?]
	at java.util.concurrent.CompletableFuture$AsyncRun.run(CompletableFuture.java:1804) ~[?:?]
	at java.util.concurrent.CompletableFuture$AsyncRun.exec(CompletableFuture.java:1796) ~[?:?]
	at java.util.concurrent.ForkJoinTask.doExec(ForkJoinTask.java:373) ~[?:?]
	at java.util.concurrent.ForkJoinPool$WorkQueue.topLevelExec(ForkJoinPool.java:1182) ~[?:?]
	at java.util.concurrent.ForkJoinPool.scan(ForkJoinPool.java:1655) ~[?:?]
	at java.util.concurrent.ForkJoinPool.runWorker(ForkJoinPool.java:1622) ~[?:?]
	at java.util.concurrent.ForkJoinWorkerThread.run(ForkJoinWorkerThread.java:165) ~[?:?]
[25Oct2025 15:39:20.355] [Worker-Main-4/ERROR] [net.minecraftforge.common.ForgeHooks/]: Couldn't parse element loot_tables:nfm:blocks/beige_cup
com.google.gson.JsonSyntaxException: Expected name to be an item, was unknown string 'nfm:beige_cup'
	at net.minecraft.util.GsonHelper.m_13866_(GsonHelper.java:145) ~[server-1.20.1-20230612.114412-srg.jar%23383!/:?]
	at java.util.Optional.orElseThrow(Optional.java:403) ~[?:?]
	at net.minecraft.util.GsonHelper.m_13874_(GsonHelper.java:145) ~[server-1.20.1-20230612.114412-srg.jar%23383!/:?]
	at net.minecraft.util.GsonHelper.m_13909_(GsonHelper.java:153) ~[server-1.20.1-20230612.114412-srg.jar%23383!/:?]
	at net.minecraft.world.level.storage.loot.entries.LootItem$Serializer.m_7267_(LootItem.java:55) ~[server-1.20.1-20230612.114412-srg.jar%23383!/:?]
	at net.minecraft.world.level.storage.loot.entries.LootItem$Serializer.m_7267_(LootItem.java:40) ~[server-1.20.1-20230612.114412-srg.jar%23383!/:?]
	at net.minecraft.world.level.storage.loot.entries.LootPoolSingletonContainer$Serializer.m_5921_(LootPoolSingletonContainer.java:151) ~[server-1.20.1-20230612.114412-srg.jar%23383!/:?]
	at net.minecraft.world.level.storage.loot.entries.LootPoolSingletonContainer$Serializer.m_5921_(LootPoolSingletonContainer.java:129) ~[server-1.20.1-20230612.114412-srg.jar%23383!/:?]
	at net.minecraft.world.level.storage.loot.entries.LootPoolEntryContainer$Serializer.m_7561_(LootPoolEntryContainer.java:86) ~[server-1.20.1-20230612.114412-srg.jar%23383!/:?]
	at net.minecraft.world.level.storage.loot.entries.LootPoolEntryContainer$Serializer.m_7561_(LootPoolEntryContainer.java:74) ~[server-1.20.1-20230612.114412-srg.jar%23383!/:?]
	at net.minecraft.world.level.storage.loot.GsonAdapterFactory$JsonAdapter.deserialize(GsonAdapterFactory.java:102) ~[server-1.20.1-20230612.114412-srg.jar%23383!/:?]
	at com.google.gson.internal.bind.TreeTypeAdapter.read(TreeTypeAdapter.java:76) ~[gson-2.10.jar%2372!/:?]
	at com.google.gson.internal.bind.TypeAdapterRuntimeTypeWrapper.read(TypeAdapterRuntimeTypeWrapper.java:40) ~[gson-2.10.jar%2372!/:?]
	at com.google.gson.internal.bind.ArrayTypeAdapter.read(ArrayTypeAdapter.java:72) ~[gson-2.10.jar%2372!/:?]
	at com.google.gson.Gson.fromJson(Gson.java:1214) ~[gson-2.10.jar%2372!/:?]
	at com.google.gson.Gson.fromJson(Gson.java:1319) ~[gson-2.10.jar%2372!/:?]
	at com.google.gson.Gson.fromJson(Gson.java:1290) ~[gson-2.10.jar%2372!/:?]
	at com.google.gson.internal.bind.TreeTypeAdapter$GsonContextImpl.deserialize(TreeTypeAdapter.java:179) ~[gson-2.10.jar%2372!/:?]
	at net.minecraft.util.GsonHelper.m_13808_(GsonHelper.java:463) ~[server-1.20.1-20230612.114412-srg.jar%23383!/:?]
	at net.minecraft.util.GsonHelper.m_13836_(GsonHelper.java:471) ~[server-1.20.1-20230612.114412-srg.jar%23383!/:?]
	at net.minecraft.world.level.storage.loot.LootPool$Serializer.deserialize(LootPool.java:192) ~[server-1.20.1-20230612.114412-srg.jar%23383!/:?]
	at net.minecraft.world.level.storage.loot.LootPool$Serializer.deserialize(LootPool.java:189) ~[server-1.20.1-20230612.114412-srg.jar%23383!/:?]
	at com.google.gson.internal.bind.TreeTypeAdapter.read(TreeTypeAdapter.java:76) ~[gson-2.10.jar%2372!/:?]
	at com.google.gson.internal.bind.TypeAdapterRuntimeTypeWrapper.read(TypeAdapterRuntimeTypeWrapper.java:40) ~[gson-2.10.jar%2372!/:?]
	at com.google.gson.internal.bind.ArrayTypeAdapter.read(ArrayTypeAdapter.java:72) ~[gson-2.10.jar%2372!/:?]
	at com.google.gson.Gson.fromJson(Gson.java:1214) ~[gson-2.10.jar%2372!/:?]
	at com.google.gson.Gson.fromJson(Gson.java:1319) ~[gson-2.10.jar%2372!/:?]
	at com.google.gson.Gson.fromJson(Gson.java:1290) ~[gson-2.10.jar%2372!/:?]
	at com.google.gson.internal.bind.TreeTypeAdapter$GsonContextImpl.deserialize(TreeTypeAdapter.java:179) ~[gson-2.10.jar%2372!/:?]
	at net.minecraft.util.GsonHelper.m_13808_(GsonHelper.java:463) ~[server-1.20.1-20230612.114412-srg.jar%23383!/:?]
	at net.minecraft.util.GsonHelper.m_13845_(GsonHelper.java:481) ~[server-1.20.1-20230612.114412-srg.jar%23383!/:?]
	at net.minecraft.world.level.storage.loot.LootTable$Serializer.deserialize(LootTable.java:294) ~[server-1.20.1-20230612.114412-srg.jar%23383!/:?]
	at net.minecraft.world.level.storage.loot.LootTable$Serializer.deserialize(LootTable.java:291) ~[server-1.20.1-20230612.114412-srg.jar%23383!/:?]
	at com.google.gson.internal.bind.TreeTypeAdapter.read(TreeTypeAdapter.java:76) ~[gson-2.10.jar%2372!/:?]
	at com.google.gson.Gson.fromJson(Gson.java:1214) ~[gson-2.10.jar%2372!/:?]
	at com.google.gson.Gson.fromJson(Gson.java:1319) ~[gson-2.10.jar%2372!/:?]
	at com.google.gson.Gson.fromJson(Gson.java:1261) ~[gson-2.10.jar%2372!/:?]
	at net.minecraftforge.common.ForgeHooks.loadLootTable(ForgeHooks.java:871) ~[forge-1.20.1-47.3.7-universal.jar%23388!/:?]
	at net.minecraftforge.common.ForgeHooks.lambda$getLootTableDeserializer$3(ForgeHooks.java:848) ~[forge-1.20.1-47.3.7-universal.jar%23388!/:?]
	at net.minecraft.world.level.storage.loot.LootDataType.deserialize(LootDataType.java:45) ~[server-1.20.1-20230612.114412-srg.jar%23383!/:?]
	at net.minecraft.world.level.storage.loot.LootDataManager.lambda$scheduleElementParse$4(LootDataManager.java:56) ~[server-1.20.1-20230612.114412-srg.jar%23383!/:?]
	at java.util.HashMap.forEach(HashMap.java:1421) ~[?:?]
	at net.minecraft.world.level.storage.loot.LootDataManager.m_278660_(LootDataManager.java:55) ~[server-1.20.1-20230612.114412-srg.jar%23383!/:?]
	at java.util.concurrent.CompletableFuture$AsyncRun.run(CompletableFuture.java:1804) ~[?:?]
	at java.util.concurrent.CompletableFuture$AsyncRun.exec(CompletableFuture.java:1796) ~[?:?]
	at java.util.concurrent.ForkJoinTask.doExec(ForkJoinTask.java:373) ~[?:?]
	at java.util.concurrent.ForkJoinPool$WorkQueue.topLevelExec(ForkJoinPool.java:1182) ~[?:?]
	at java.util.concurrent.ForkJoinPool.scan(ForkJoinPool.java:1655) ~[?:?]
	at java.util.concurrent.ForkJoinPool.runWorker(ForkJoinPool.java:1622) ~[?:?]
	at java.util.concurrent.ForkJoinWorkerThread.run(ForkJoinWorkerThread.java:165) ~[?:?]
[25Oct2025 15:39:20.515] [Worker-Main-4/ERROR] [net.minecraftforge.common.ForgeHooks/]: Couldn't parse element loot_tables:nfm:blocks/beige_modern_kitchen_drawer
com.google.gson.JsonSyntaxException: Expected name to be an item, was unknown string 'nfm:beige_modern_kitchen_drawer'
	at net.minecraft.util.GsonHelper.m_13866_(GsonHelper.java:145) ~[server-1.20.1-20230612.114412-srg.jar%23383!/:?]
	at java.util.Optional.orElseThrow(Optional.java:403) ~[?:?]
	at net.minecraft.util.GsonHelper.m_13874_(GsonHelper.java:145) ~[server-1.20.1-20230612.114412-srg.jar%23383!/:?]
	at net.minecraft.util.GsonHelper.m_13909_(GsonHelper.java:153) ~[server-1.20.1-20230612.114412-srg.jar%23383!/:?]
	at net.minecraft.world.level.storage.loot.entries.LootItem$Serializer.m_7267_(LootItem.java:55) ~[server-1.20.1-20230612.114412-srg.jar%23383!/:?]
	at net.minecraft.world.level.storage.loot.entries.LootItem$Serializer.m_7267_(LootItem.java:40) ~[server-1.20.1-20230612.114412-srg.jar%23383!/:?]
	at net.minecraft.world.level.storage.loot.entries.LootPoolSingletonContainer$Serializer.m_5921_(LootPoolSingletonContainer.java:151) ~[server-1.20.1-20230612.114412-srg.jar%23383!/:?]
	at net.minecraft.world.level.storage.loot.entries.LootPoolSingletonContainer$Serializer.m_5921_(LootPoolSingletonContainer.java:129) ~[server-1.20.1-20230612.114412-srg.jar%23383!/:?]
	at net.minecraft.world.level.storage.loot.entries.LootPoolEntryContainer$Serializer.m_7561_(LootPoolEntryContainer.java:86) ~[server-1.20.1-20230612.114412-srg.jar%23383!/:?]
	at net.minecraft.world.level.storage.loot.entries.LootPoolEntryContainer$Serializer.m_7561_(LootPoolEntryContainer.java:74) ~[server-1.20.1-20230612.114412-srg.jar%23383!/:?]
	at net.minecraft.world.level.storage.loot.GsonAdapterFactory$JsonAdapter.deserialize(GsonAdapterFactory.java:102) ~[server-1.20.1-20230612.114412-srg.jar%23383!/:?]
	at com.google.gson.internal.bind.TreeTypeAdapter.read(TreeTypeAdapter.java:76) ~[gson-2.10.jar%2372!/:?]
	at com.google.gson.internal.bind.TypeAdapterRuntimeTypeWrapper.read(TypeAdapterRuntimeTypeWrapper.java:40) ~[gson-2.10.jar%2372!/:?]
	at com.google.gson.internal.bind.ArrayTypeAdapter.read(ArrayTypeAdapter.java:72) ~[gson-2.10.jar%2372!/:?]
	at com.google.gson.Gson.fromJson(Gson.java:1214) ~[gson-2.10.jar%2372!/:?]
	at com.google.gson.Gson.fromJson(Gson.java:1319) ~[gson-2.10.jar%2372!/:?]
	at com.google.gson.Gson.fromJson(Gson.java:1290) ~[gson-2.10.jar%2372!/:?]
	at com.google.gson.internal.bind.TreeTypeAdapter$GsonContextImpl.deserialize(TreeTypeAdapter.java:179) ~[gson-2.10.jar%2372!/:?]
	at net.minecraft.util.GsonHelper.m_13808_(GsonHelper.java:463) ~[server-1.20.1-20230612.114412-srg.jar%23383!/:?]
	at net.minecraft.util.GsonHelper.m_13836_(GsonHelper.java:471) ~[server-1.20.1-20230612.114412-srg.jar%23383!/:?]
	at net.minecraft.world.level.storage.loot.LootPool$Serializer.deserialize(LootPool.java:192) ~[server-1.20.1-20230612.114412-srg.jar%23383!/:?]
	at net.minecraft.world.level.storage.loot.LootPool$Serializer.deserialize(LootPool.java:189) ~[server-1.20.1-20230612.114412-srg.jar%23383!/:?]
	at com.google.gson.internal.bind.TreeTypeAdapter.read(TreeTypeAdapter.java:76) ~[gson-2.10.jar%2372!/:?]
	at com.google.gson.internal.bind.TypeAdapterRuntimeTypeWrapper.read(TypeAdapterRuntimeTypeWrapper.java:40) ~[gson-2.10.jar%2372!/:?]
	at com.google.gson.internal.bind.ArrayTypeAdapter.read(ArrayTypeAdapter.java:72) ~[gson-2.10.jar%2372!/:?]
	at com.google.gson.Gson.fromJson(Gson.java:1214) ~[gson-2.10.jar%2372!/:?]
	at com.google.gson.Gson.fromJson(Gson.java:1319) ~[gson-2.10.jar%2372!/:?]
	at com.google.gson.Gson.fromJson(Gson.java:1290) ~[gson-2.10.jar%2372!/:?]
	at com.google.gson.internal.bind.TreeTypeAdapter$GsonContextImpl.deserialize(TreeTypeAdapter.java:179) ~[gson-2.10.jar%2372!/:?]
	at net.minecraft.util.GsonHelper.m_13808_(GsonHelper.java:463) ~[server-1.20.1-20230612.114412-srg.jar%23383!/:?]
	at net.minecraft.util.GsonHelper.m_13845_(GsonHelper.java:481) ~[server-1.20.1-20230612.114412-srg.jar%23383!/:?]
	at net.minecraft.world.level.storage.loot.LootTable$Serializer.deserialize(LootTable.java:294) ~[server-1.20.1-20230612.114412-srg.jar%23383!/:?]
	at net.minecraft.world.level.storage.loot.LootTable$Serializer.deserialize(LootTable.java:291) ~[server-1.20.1-20230612.114412-srg.jar%23383!/:?]
	at com.google.gson.internal.bind.TreeTypeAdapter.read(TreeTypeAdapter.java:76) ~[gson-2.10.jar%2372!/:?]
	at com.google.gson.Gson.fromJson(Gson.java:1214) ~[gson-2.10.jar%2372!/:?]
	at com.google.gson.Gson.fromJson(Gson.java:1319) ~[gson-2.10.jar%2372!/:?]
	at com.google.gson.Gson.fromJson(Gson.java:1261) ~[gson-2.10.jar%2372!/:?]
	at net.minecraftforge.common.ForgeHooks.loadLootTable(ForgeHooks.java:871) ~[forge-1.20.1-47.3.7-universal.jar%23388!/:?]
	at net.minecraftforge.common.ForgeHooks.lambda$getLootTableDeserializer$3(ForgeHooks.java:848) ~[forge-1.20.1-47.3.7-universal.jar%23388!/:?]
	at net.minecraft.world.level.storage.loot.LootDataType.deserialize(LootDataType.java:45) ~[server-1.20.1-20230612.114412-srg.jar%23383!/:?]
	at net.minecraft.world.level.storage.loot.LootDataManager.lambda$scheduleElementParse$4(LootDataManager.java:56) ~[server-1.20.1-20230612.114412-srg.jar%23383!/:?]
	at java.util.HashMap.forEach(HashMap.java:1421) ~[?:?]
	at net.minecraft.world.level.storage.loot.LootDataManager.m_278660_(LootDataManager.java:55) ~[server-1.20.1-20230612.114412-srg.jar%23383!/:?]
	at java.util.concurrent.CompletableFuture$AsyncRun.run(CompletableFuture.java:1804) ~[?:?]
	at java.util.concurrent.CompletableFuture$AsyncRun.exec(CompletableFuture.java:1796) ~[?:?]
	at java.util.concurrent.ForkJoinTask.doExec(ForkJoinTask.java:373) ~[?:?]
	at java.util.concurrent.ForkJoinPool$WorkQueue.topLevelExec(ForkJoinPool.java:1182) ~[?:?]
	at java.util.concurrent.ForkJoinPool.scan(ForkJoinPool.java:1655) ~[?:?]
	at java.util.concurrent.ForkJoinPool.runWorker(ForkJoinPool.java:1622) ~[?:?]
	at java.util.concurrent.ForkJoinWorkerThread.run(ForkJoinWorkerThread.java:165) ~[?:?]
[25Oct2025 15:39:20.578] [Worker-Main-4/ERROR] [net.minecraftforge.common.ForgeHooks/]: Couldn't parse element loot_tables:nfm:blocks/beige_modern_cabinet
com.google.gson.JsonSyntaxException: Expected name to be an item, was unknown string 'nfm:beige_modern_cabinet'
	at net.minecraft.util.GsonHelper.m_13866_(GsonHelper.java:145) ~[server-1.20.1-20230612.114412-srg.jar%23383!/:?]
	at java.util.Optional.orElseThrow(Optional.java:403) ~[?:?]
	at net.minecraft.util.GsonHelper.m_13874_(GsonHelper.java:145) ~[server-1.20.1-20230612.114412-srg.jar%23383!/:?]
	at net.minecraft.util.GsonHelper.m_13909_(GsonHelper.java:153) ~[server-1.20.1-20230612.114412-srg.jar%23383!/:?]
	at net.minecraft.world.level.storage.loot.entries.LootItem$Serializer.m_7267_(LootItem.java:55) ~[server-1.20.1-20230612.114412-srg.jar%23383!/:?]
	at net.minecraft.world.level.storage.loot.entries.LootItem$Serializer.m_7267_(LootItem.java:40) ~[server-1.20.1-20230612.114412-srg.jar%23383!/:?]
	at net.minecraft.world.level.storage.loot.entries.LootPoolSingletonContainer$Serializer.m_5921_(LootPoolSingletonContainer.java:151) ~[server-1.20.1-20230612.114412-srg.jar%23383!/:?]
	at net.minecraft.world.level.storage.loot.entries.LootPoolSingletonContainer$Serializer.m_5921_(LootPoolSingletonContainer.java:129) ~[server-1.20.1-20230612.114412-srg.jar%23383!/:?]
	at net.minecraft.world.level.storage.loot.entries.LootPoolEntryContainer$Serializer.m_7561_(LootPoolEntryContainer.java:86) ~[server-1.20.1-20230612.114412-srg.jar%23383!/:?]
	at net.minecraft.world.level.storage.loot.entries.LootPoolEntryContainer$Serializer.m_7561_(LootPoolEntryContainer.java:74) ~[server-1.20.1-20230612.114412-srg.jar%23383!/:?]
	at net.minecraft.world.level.storage.loot.GsonAdapterFactory$JsonAdapter.deserialize(GsonAdapterFactory.java:102) ~[server-1.20.1-20230612.114412-srg.jar%23383!/:?]
	at com.google.gson.internal.bind.TreeTypeAdapter.read(TreeTypeAdapter.java:76) ~[gson-2.10.jar%2372!/:?]
	at com.google.gson.internal.bind.TypeAdapterRuntimeTypeWrapper.read(TypeAdapterRuntimeTypeWrapper.java:40) ~[gson-2.10.jar%2372!/:?]
	at com.google.gson.internal.bind.ArrayTypeAdapter.read(ArrayTypeAdapter.java:72) ~[gson-2.10.jar%2372!/:?]
	at com.google.gson.Gson.fromJson(Gson.java:1214) ~[gson-2.10.jar%2372!/:?]
	at com.google.gson.Gson.fromJson(Gson.java:1319) ~[gson-2.10.jar%2372!/:?]
	at com.google.gson.Gson.fromJson(Gson.java:1290) ~[gson-2.10.jar%2372!/:?]
	at com.google.gson.internal.bind.TreeTypeAdapter$GsonContextImpl.deserialize(TreeTypeAdapter.java:179) ~[gson-2.10.jar%2372!/:?]
	at net.minecraft.util.GsonHelper.m_13808_(GsonHelper.java:463) ~[server-1.20.1-20230612.114412-srg.jar%23383!/:?]
	at net.minecraft.util.GsonHelper.m_13836_(GsonHelper.java:471) ~[server-1.20.1-20230612.114412-srg.jar%23383!/:?]
	at net.minecraft.world.level.storage.loot.LootPool$Serializer.deserialize(LootPool.java:192) ~[server-1.20.1-20230612.114412-srg.jar%23383!/:?]
	at net.minecraft.world.level.storage.loot.LootPool$Serializer.deserialize(LootPool.java:189) ~[server-1.20.1-20230612.114412-srg.jar%23383!/:?]
	at com.google.gson.internal.bind.TreeTypeAdapter.read(TreeTypeAdapter.java:76) ~[gson-2.10.jar%2372!/:?]
	at com.google.gson.internal.bind.TypeAdapterRuntimeTypeWrapper.read(TypeAdapterRuntimeTypeWrapper.java:40) ~[gson-2.10.jar%2372!/:?]
	at com.google.gson.internal.bind.ArrayTypeAdapter.read(ArrayTypeAdapter.java:72) ~[gson-2.10.jar%2372!/:?]
	at com.google.gson.Gson.fromJson(Gson.java:1214) ~[gson-2.10.jar%2372!/:?]
	at com.google.gson.Gson.fromJson(Gson.java:1319) ~[gson-2.10.jar%2372!/:?]
	at com.google.gson.Gson.fromJson(Gson.java:1290) ~[gson-2.10.jar%2372!/:?]
	at com.google.gson.internal.bind.TreeTypeAdapter$GsonContextImpl.deserialize(TreeTypeAdapter.java:179) ~[gson-2.10.jar%2372!/:?]
	at net.minecraft.util.GsonHelper.m_13808_(GsonHelper.java:463) ~[server-1.20.1-20230612.114412-srg.jar%23383!/:?]
	at net.minecraft.util.GsonHelper.m_13845_(GsonHelper.java:481) ~[server-1.20.1-20230612.114412-srg.jar%23383!/:?]
	at net.minecraft.world.level.storage.loot.LootTable$Serializer.deserialize(LootTable.java:294) ~[server-1.20.1-20230612.114412-srg.jar%23383!/:?]
	at net.minecraft.world.level.storage.loot.LootTable$Serializer.deserialize(LootTable.java:291) ~[server-1.20.1-20230612.114412-srg.jar%23383!/:?]
	at com.google.gson.internal.bind.TreeTypeAdapter.read(TreeTypeAdapter.java:76) ~[gson-2.10.jar%2372!/:?]
	at com.google.gson.Gson.fromJson(Gson.java:1214) ~[gson-2.10.jar%2372!/:?]
	at com.google.gson.Gson.fromJson(Gson.java:1319) ~[gson-2.10.jar%2372!/:?]
	at com.google.gson.Gson.fromJson(Gson.java:1261) ~[gson-2.10.jar%2372!/:?]
	at net.minecraftforge.common.ForgeHooks.loadLootTable(ForgeHooks.java:871) ~[forge-1.20.1-47.3.7-universal.jar%23388!/:?]
	at net.minecraftforge.common.ForgeHooks.lambda$getLootTableDeserializer$3(ForgeHooks.java:848) ~[forge-1.20.1-47.3.7-universal.jar%23388!/:?]
	at net.minecraft.world.level.storage.loot.LootDataType.deserialize(LootDataType.java:45) ~[server-1.20.1-20230612.114412-srg.jar%23383!/:?]
	at net.minecraft.world.level.storage.loot.LootDataManager.lambda$scheduleElementParse$4(LootDataManager.java:56) ~[server-1.20.1-20230612.114412-srg.jar%23383!/:?]
	at java.util.HashMap.forEach(HashMap.java:1421) ~[?:?]
	at net.minecraft.world.level.storage.loot.LootDataManager.m_278660_(LootDataManager.java:55) ~[server-1.20.1-20230612.114412-srg.jar%23383!/:?]
	at java.util.concurrent.CompletableFuture$AsyncRun.run(CompletableFuture.java:1804) ~[?:?]
	at java.util.concurrent.CompletableFuture$AsyncRun.exec(CompletableFuture.java:1796) ~[?:?]
	at java.util.concurrent.ForkJoinTask.doExec(ForkJoinTask.java:373) ~[?:?]
	at java.util.concurrent.ForkJoinPool$WorkQueue.topLevelExec(ForkJoinPool.java:1182) ~[?:?]
	at java.util.concurrent.ForkJoinPool.scan(ForkJoinPool.java:1655) ~[?:?]
	at java.util.concurrent.ForkJoinPool.runWorker(ForkJoinPool.java:1622) ~[?:?]
	at java.util.concurrent.ForkJoinWorkerThread.run(ForkJoinWorkerThread.java:165) ~[?:?]
[25Oct2025 15:39:20.589] [Worker-Main-4/ERROR] [net.minecraftforge.common.ForgeHooks/]: Couldn't parse element loot_tables:nfm:blocks/beige_digital_clock
com.google.gson.JsonSyntaxException: Expected name to be an item, was unknown string 'nfm:beige_digital_clock'
	at net.minecraft.util.GsonHelper.m_13866_(GsonHelper.java:145) ~[server-1.20.1-20230612.114412-srg.jar%23383!/:?]
	at java.util.Optional.orElseThrow(Optional.java:403) ~[?:?]
	at net.minecraft.util.GsonHelper.m_13874_(GsonHelper.java:145) ~[server-1.20.1-20230612.114412-srg.jar%23383!/:?]
	at net.minecraft.util.GsonHelper.m_13909_(GsonHelper.java:153) ~[server-1.20.1-20230612.114412-srg.jar%23383!/:?]
	at net.minecraft.world.level.storage.loot.entries.LootItem$Serializer.m_7267_(LootItem.java:55) ~[server-1.20.1-20230612.114412-srg.jar%23383!/:?]
	at net.minecraft.world.level.storage.loot.entries.LootItem$Serializer.m_7267_(LootItem.java:40) ~[server-1.20.1-20230612.114412-srg.jar%23383!/:?]
	at net.minecraft.world.level.storage.loot.entries.LootPoolSingletonContainer$Serializer.m_5921_(LootPoolSingletonContainer.java:151) ~[server-1.20.1-20230612.114412-srg.jar%23383!/:?]
	at net.minecraft.world.level.storage.loot.entries.LootPoolSingletonContainer$Serializer.m_5921_(LootPoolSingletonContainer.java:129) ~[server-1.20.1-20230612.114412-srg.jar%23383!/:?]
	at net.minecraft.world.level.storage.loot.entries.LootPoolEntryContainer$Serializer.m_7561_(LootPoolEntryContainer.java:86) ~[server-1.20.1-20230612.114412-srg.jar%23383!/:?]
	at net.minecraft.world.level.storage.loot.entries.LootPoolEntryContainer$Serializer.m_7561_(LootPoolEntryContainer.java:74) ~[server-1.20.1-20230612.114412-srg.jar%23383!/:?]
	at net.minecraft.world.level.storage.loot.GsonAdapterFactory$JsonAdapter.deserialize(GsonAdapterFactory.java:102) ~[server-1.20.1-20230612.114412-srg.jar%23383!/:?]
	at com.google.gson.internal.bind.TreeTypeAdapter.read(TreeTypeAdapter.java:76) ~[gson-2.10.jar%2372!/:?]
	at com.google.gson.internal.bind.TypeAdapterRuntimeTypeWrapper.read(TypeAdapterRuntimeTypeWrapper.java:40) ~[gson-2.10.jar%2372!/:?]
	at com.google.gson.internal.bind.ArrayTypeAdapter.read(ArrayTypeAdapter.java:72) ~[gson-2.10.jar%2372!/:?]
	at com.google.gson.Gson.fromJson(Gson.java:1214) ~[gson-2.10.jar%2372!/:?]
	at com.google.gson.Gson.fromJson(Gson.java:1319) ~[gson-2.10.jar%2372!/:?]
	at com.google.gson.Gson.fromJson(Gson.java:1290) ~[gson-2.10.jar%2372!/:?]
	at com.google.gson.internal.bind.TreeTypeAdapter$GsonContextImpl.deserialize(TreeTypeAdapter.java:179) ~[gson-2.10.jar%2372!/:?]
	at net.minecraft.util.GsonHelper.m_13808_(GsonHelper.java:463) ~[server-1.20.1-20230612.114412-srg.jar%23383!/:?]
	at net.minecraft.util.GsonHelper.m_13836_(GsonHelper.java:471) ~[server-1.20.1-20230612.114412-srg.jar%23383!/:?]
	at net.minecraft.world.level.storage.loot.LootPool$Serializer.deserialize(LootPool.java:192) ~[server-1.20.1-20230612.114412-srg.jar%23383!/:?]
	at net.minecraft.world.level.storage.loot.LootPool$Serializer.deserialize(LootPool.java:189) ~[server-1.20.1-20230612.114412-srg.jar%23383!/:?]
	at com.google.gson.internal.bind.TreeTypeAdapter.read(TreeTypeAdapter.java:76) ~[gson-2.10.jar%2372!/:?]
	at com.google.gson.internal.bind.TypeAdapterRuntimeTypeWrapper.read(TypeAdapterRuntimeTypeWrapper.java:40) ~[gson-2.10.jar%2372!/:?]
	at com.google.gson.internal.bind.ArrayTypeAdapter.read(ArrayTypeAdapter.java:72) ~[gson-2.10.jar%2372!/:?]
	at com.google.gson.Gson.fromJson(Gson.java:1214) ~[gson-2.10.jar%2372!/:?]
	at com.google.gson.Gson.fromJson(Gson.java:1319) ~[gson-2.10.jar%2372!/:?]
	at com.google.gson.Gson.fromJson(Gson.java:1290) ~[gson-2.10.jar%2372!/:?]
	at com.google.gson.internal.bind.TreeTypeAdapter$GsonContextImpl.deserialize(TreeTypeAdapter.java:179) ~[gson-2.10.jar%2372!/:?]
	at net.minecraft.util.GsonHelper.m_13808_(GsonHelper.java:463) ~[server-1.20.1-20230612.114412-srg.jar%23383!/:?]
	at net.minecraft.util.GsonHelper.m_13845_(GsonHelper.java:481) ~[server-1.20.1-20230612.114412-srg.jar%23383!/:?]
	at net.minecraft.world.level.storage.loot.LootTable$Serializer.deserialize(LootTable.java:294) ~[server-1.20.1-20230612.114412-srg.jar%23383!/:?]
	at net.minecraft.world.level.storage.loot.LootTable$Serializer.deserialize(LootTable.java:291) ~[server-1.20.1-20230612.114412-srg.jar%23383!/:?]
	at com.google.gson.internal.bind.TreeTypeAdapter.read(TreeTypeAdapter.java:76) ~[gson-2.10.jar%2372!/:?]
	at com.google.gson.Gson.fromJson(Gson.java:1214) ~[gson-2.10.jar%2372!/:?]
	at com.google.gson.Gson.fromJson(Gson.java:1319) ~[gson-2.10.jar%2372!/:?]
	at com.google.gson.Gson.fromJson(Gson.java:1261) ~[gson-2.10.jar%2372!/:?]
	at net.minecraftforge.common.ForgeHooks.loadLootTable(ForgeHooks.java:871) ~[forge-1.20.1-47.3.7-universal.jar%23388!/:?]
	at net.minecraftforge.common.ForgeHooks.lambda$getLootTableDeserializer$3(ForgeHooks.java:848) ~[forge-1.20.1-47.3.7-universal.jar%23388!/:?]
	at net.minecraft.world.level.storage.loot.LootDataType.deserialize(LootDataType.java:45) ~[server-1.20.1-20230612.114412-srg.jar%23383!/:?]
	at net.minecraft.world.level.storage.loot.LootDataManager.lambda$scheduleElementParse$4(LootDataManager.java:56) ~[server-1.20.1-20230612.114412-srg.jar%23383!/:?]
	at java.util.HashMap.forEach(HashMap.java:1421) ~[?:?]
	at net.minecraft.world.level.storage.loot.LootDataManager.m_278660_(LootDataManager.java:55) ~[server-1.20.1-20230612.114412-srg.jar%23383!/:?]
	at java.util.concurrent.CompletableFuture$AsyncRun.run(CompletableFuture.java:1804) ~[?:?]
	at java.util.concurrent.CompletableFuture$AsyncRun.exec(CompletableFuture.java:1796) ~[?:?]
	at java.util.concurrent.ForkJoinTask.doExec(ForkJoinTask.java:373) ~[?:?]
	at java.util.concurrent.ForkJoinPool$WorkQueue.topLevelExec(ForkJoinPool.java:1182) ~[?:?]
	at java.util.concurrent.ForkJoinPool.scan(ForkJoinPool.java:1655) ~[?:?]
	at java.util.concurrent.ForkJoinPool.runWorker(ForkJoinPool.java:1622) ~[?:?]
	at java.util.concurrent.ForkJoinWorkerThread.run(ForkJoinWorkerThread.java:165) ~[?:?]
[25Oct2025 15:39:20.679] [Worker-Main-4/ERROR] [net.minecraftforge.common.ForgeHooks/]: Couldn't parse element loot_tables:nfm:blocks/beige_television_stand
com.google.gson.JsonSyntaxException: Expected name to be an item, was unknown string 'nfm:beige_television_stand'
	at net.minecraft.util.GsonHelper.m_13866_(GsonHelper.java:145) ~[server-1.20.1-20230612.114412-srg.jar%23383!/:?]
	at java.util.Optional.orElseThrow(Optional.java:403) ~[?:?]
	at net.minecraft.util.GsonHelper.m_13874_(GsonHelper.java:145) ~[server-1.20.1-20230612.114412-srg.jar%23383!/:?]
	at net.minecraft.util.GsonHelper.m_13909_(GsonHelper.java:153) ~[server-1.20.1-20230612.114412-srg.jar%23383!/:?]
	at net.minecraft.world.level.storage.loot.entries.LootItem$Serializer.m_7267_(LootItem.java:55) ~[server-1.20.1-20230612.114412-srg.jar%23383!/:?]
	at net.minecraft.world.level.storage.loot.entries.LootItem$Serializer.m_7267_(LootItem.java:40) ~[server-1.20.1-20230612.114412-srg.jar%23383!/:?]
	at net.minecraft.world.level.storage.loot.entries.LootPoolSingletonContainer$Serializer.m_5921_(LootPoolSingletonContainer.java:151) ~[server-1.20.1-20230612.114412-srg.jar%23383!/:?]
	at net.minecraft.world.level.storage.loot.entries.LootPoolSingletonContainer$Serializer.m_5921_(LootPoolSingletonContainer.java:129) ~[server-1.20.1-20230612.114412-srg.jar%23383!/:?]
	at net.minecraft.world.level.storage.loot.entries.LootPoolEntryContainer$Serializer.m_7561_(LootPoolEntryContainer.java:86) ~[server-1.20.1-20230612.114412-srg.jar%23383!/:?]
	at net.minecraft.world.level.storage.loot.entries.LootPoolEntryContainer$Serializer.m_7561_(LootPoolEntryContainer.java:74) ~[server-1.20.1-20230612.114412-srg.jar%23383!/:?]
	at net.minecraft.world.level.storage.loot.GsonAdapterFactory$JsonAdapter.deserialize(GsonAdapterFactory.java:102) ~[server-1.20.1-20230612.114412-srg.jar%23383!/:?]
	at com.google.gson.internal.bind.TreeTypeAdapter.read(TreeTypeAdapter.java:76) ~[gson-2.10.jar%2372!/:?]
	at com.google.gson.internal.bind.TypeAdapterRuntimeTypeWrapper.read(TypeAdapterRuntimeTypeWrapper.java:40) ~[gson-2.10.jar%2372!/:?]
	at com.google.gson.internal.bind.ArrayTypeAdapter.read(ArrayTypeAdapter.java:72) ~[gson-2.10.jar%2372!/:?]
	at com.google.gson.Gson.fromJson(Gson.java:1214) ~[gson-2.10.jar%2372!/:?]
	at com.google.gson.Gson.fromJson(Gson.java:1319) ~[gson-2.10.jar%2372!/:?]
	at com.google.gson.Gson.fromJson(Gson.java:1290) ~[gson-2.10.jar%2372!/:?]
	at com.google.gson.internal.bind.TreeTypeAdapter$GsonContextImpl.deserialize(TreeTypeAdapter.java:179) ~[gson-2.10.jar%2372!/:?]
	at net.minecraft.util.GsonHelper.m_13808_(GsonHelper.java:463) ~[server-1.20.1-20230612.114412-srg.jar%23383!/:?]
	at net.minecraft.util.GsonHelper.m_13836_(GsonHelper.java:471) ~[server-1.20.1-20230612.114412-srg.jar%23383!/:?]
	at net.minecraft.world.level.storage.loot.LootPool$Serializer.deserialize(LootPool.java:192) ~[server-1.20.1-20230612.114412-srg.jar%23383!/:?]
	at net.minecraft.world.level.storage.loot.LootPool$Serializer.deserialize(LootPool.java:189) ~[server-1.20.1-20230612.114412-srg.jar%23383!/:?]
	at com.google.gson.internal.bind.TreeTypeAdapter.read(TreeTypeAdapter.java:76) ~[gson-2.10.jar%2372!/:?]
	at com.google.gson.internal.bind.TypeAdapterRuntimeTypeWrapper.read(TypeAdapterRuntimeTypeWrapper.java:40) ~[gson-2.10.jar%2372!/:?]
	at com.google.gson.internal.bind.ArrayTypeAdapter.read(ArrayTypeAdapter.java:72) ~[gson-2.10.jar%2372!/:?]
	at com.google.gson.Gson.fromJson(Gson.java:1214) ~[gson-2.10.jar%2372!/:?]
	at com.google.gson.Gson.fromJson(Gson.java:1319) ~[gson-2.10.jar%2372!/:?]
	at com.google.gson.Gson.fromJson(Gson.java:1290) ~[gson-2.10.jar%2372!/:?]
	at com.google.gson.internal.bind.TreeTypeAdapter$GsonContextImpl.deserialize(TreeTypeAdapter.java:179) ~[gson-2.10.jar%2372!/:?]
	at net.minecraft.util.GsonHelper.m_13808_(GsonHelper.java:463) ~[server-1.20.1-20230612.114412-srg.jar%23383!/:?]
	at net.minecraft.util.GsonHelper.m_13845_(GsonHelper.java:481) ~[server-1.20.1-20230612.114412-srg.jar%23383!/:?]
	at net.minecraft.world.level.storage.loot.LootTable$Serializer.deserialize(LootTable.java:294) ~[server-1.20.1-20230612.114412-srg.jar%23383!/:?]
	at net.minecraft.world.level.storage.loot.LootTable$Serializer.deserialize(LootTable.java:291) ~[server-1.20.1-20230612.114412-srg.jar%23383!/:?]
	at com.google.gson.internal.bind.TreeTypeAdapter.read(TreeTypeAdapter.java:76) ~[gson-2.10.jar%2372!/:?]
	at com.google.gson.Gson.fromJson(Gson.java:1214) ~[gson-2.10.jar%2372!/:?]
	at com.google.gson.Gson.fromJson(Gson.java:1319) ~[gson-2.10.jar%2372!/:?]
	at com.google.gson.Gson.fromJson(Gson.java:1261) ~[gson-2.10.jar%2372!/:?]
	at net.minecraftforge.common.ForgeHooks.loadLootTable(ForgeHooks.java:871) ~[forge-1.20.1-47.3.7-universal.jar%23388!/:?]
	at net.minecraftforge.common.ForgeHooks.lambda$getLootTableDeserializer$3(ForgeHooks.java:848) ~[forge-1.20.1-47.3.7-universal.jar%23388!/:?]
	at net.minecraft.world.level.storage.loot.LootDataType.deserialize(LootDataType.java:45) ~[server-1.20.1-20230612.114412-srg.jar%23383!/:?]
	at net.minecraft.world.level.storage.loot.LootDataManager.lambda$scheduleElementParse$4(LootDataManager.java:56) ~[server-1.20.1-20230612.114412-srg.jar%23383!/:?]
	at java.util.HashMap.forEach(HashMap.java:1421) ~[?:?]
	at net.minecraft.world.level.storage.loot.LootDataManager.m_278660_(LootDataManager.java:55) ~[server-1.20.1-20230612.114412-srg.jar%23383!/:?]
	at java.util.concurrent.CompletableFuture$AsyncRun.run(CompletableFuture.java:1804) ~[?:?]
	at java.util.concurrent.CompletableFuture$AsyncRun.exec(CompletableFuture.java:1796) ~[?:?]
	at java.util.concurrent.ForkJoinTask.doExec(ForkJoinTask.java:373) ~[?:?]
	at java.util.concurrent.ForkJoinPool$WorkQueue.topLevelExec(ForkJoinPool.java:1182) ~[?:?]
	at java.util.concurrent.ForkJoinPool.scan(ForkJoinPool.java:1655) ~[?:?]
	at java.util.concurrent.ForkJoinPool.runWorker(ForkJoinPool.java:1622) ~[?:?]
	at java.util.concurrent.ForkJoinWorkerThread.run(ForkJoinWorkerThread.java:165) ~[?:?]
[25Oct2025 15:39:20.709] [Worker-Main-4/ERROR] [net.minecraftforge.common.ForgeHooks/]: Couldn't parse element loot_tables:nfm:blocks/beige_inflatable_castle
com.google.gson.JsonSyntaxException: Expected name to be an item, was unknown string 'nfm:beige_inflatable_castle'
	at net.minecraft.util.GsonHelper.m_13866_(GsonHelper.java:145) ~[server-1.20.1-20230612.114412-srg.jar%23383!/:?]
	at java.util.Optional.orElseThrow(Optional.java:403) ~[?:?]
	at net.minecraft.util.GsonHelper.m_13874_(GsonHelper.java:145) ~[server-1.20.1-20230612.114412-srg.jar%23383!/:?]
	at net.minecraft.util.GsonHelper.m_13909_(GsonHelper.java:153) ~[server-1.20.1-20230612.114412-srg.jar%23383!/:?]
	at net.minecraft.world.level.storage.loot.entries.LootItem$Serializer.m_7267_(LootItem.java:55) ~[server-1.20.1-20230612.114412-srg.jar%23383!/:?]
	at net.minecraft.world.level.storage.loot.entries.LootItem$Serializer.m_7267_(LootItem.java:40) ~[server-1.20.1-20230612.114412-srg.jar%23383!/:?]
	at net.minecraft.world.level.storage.loot.entries.LootPoolSingletonContainer$Serializer.m_5921_(LootPoolSingletonContainer.java:151) ~[server-1.20.1-20230612.114412-srg.jar%23383!/:?]
	at net.minecraft.world.level.storage.loot.entries.LootPoolSingletonContainer$Serializer.m_5921_(LootPoolSingletonContainer.java:129) ~[server-1.20.1-20230612.114412-srg.jar%23383!/:?]
	at net.minecraft.world.level.storage.loot.entries.LootPoolEntryContainer$Serializer.m_7561_(LootPoolEntryContainer.java:86) ~[server-1.20.1-20230612.114412-srg.jar%23383!/:?]
	at net.minecraft.world.level.storage.loot.entries.LootPoolEntryContainer$Serializer.m_7561_(LootPoolEntryContainer.java:74) ~[server-1.20.1-20230612.114412-srg.jar%23383!/:?]
	at net.minecraft.world.level.storage.loot.GsonAdapterFactory$JsonAdapter.deserialize(GsonAdapterFactory.java:102) ~[server-1.20.1-20230612.114412-srg.jar%23383!/:?]
	at com.google.gson.internal.bind.TreeTypeAdapter.read(TreeTypeAdapter.java:76) ~[gson-2.10.jar%2372!/:?]
	at com.google.gson.internal.bind.TypeAdapterRuntimeTypeWrapper.read(TypeAdapterRuntimeTypeWrapper.java:40) ~[gson-2.10.jar%2372!/:?]
	at com.google.gson.internal.bind.ArrayTypeAdapter.read(ArrayTypeAdapter.java:72) ~[gson-2.10.jar%2372!/:?]
	at com.google.gson.Gson.fromJson(Gson.java:1214) ~[gson-2.10.jar%2372!/:?]
	at com.google.gson.Gson.fromJson(Gson.java:1319) ~[gson-2.10.jar%2372!/:?]
	at com.google.gson.Gson.fromJson(Gson.java:1290) ~[gson-2.10.jar%2372!/:?]
	at com.google.gson.internal.bind.TreeTypeAdapter$GsonContextImpl.deserialize(TreeTypeAdapter.java:179) ~[gson-2.10.jar%2372!/:?]
	at net.minecraft.util.GsonHelper.m_13808_(GsonHelper.java:463) ~[server-1.20.1-20230612.114412-srg.jar%23383!/:?]
	at net.minecraft.util.GsonHelper.m_13836_(GsonHelper.java:471) ~[server-1.20.1-20230612.114412-srg.jar%23383!/:?]
	at net.minecraft.world.level.storage.loot.LootPool$Serializer.deserialize(LootPool.java:192) ~[server-1.20.1-20230612.114412-srg.jar%23383!/:?]
	at net.minecraft.world.level.storage.loot.LootPool$Serializer.deserialize(LootPool.java:189) ~[server-1.20.1-20230612.114412-srg.jar%23383!/:?]
	at com.google.gson.internal.bind.TreeTypeAdapter.read(TreeTypeAdapter.java:76) ~[gson-2.10.jar%2372!/:?]
	at com.google.gson.internal.bind.TypeAdapterRuntimeTypeWrapper.read(TypeAdapterRuntimeTypeWrapper.java:40) ~[gson-2.10.jar%2372!/:?]
	at com.google.gson.internal.bind.ArrayTypeAdapter.read(ArrayTypeAdapter.java:72) ~[gson-2.10.jar%2372!/:?]
	at com.google.gson.Gson.fromJson(Gson.java:1214) ~[gson-2.10.jar%2372!/:?]
	at com.google.gson.Gson.fromJson(Gson.java:1319) ~[gson-2.10.jar%2372!/:?]
	at com.google.gson.Gson.fromJson(Gson.java:1290) ~[gson-2.10.jar%2372!/:?]
	at com.google.gson.internal.bind.TreeTypeAdapter$GsonContextImpl.deserialize(TreeTypeAdapter.java:179) ~[gson-2.10.jar%2372!/:?]
	at net.minecraft.util.GsonHelper.m_13808_(GsonHelper.java:463) ~[server-1.20.1-20230612.114412-srg.jar%23383!/:?]
	at net.minecraft.util.GsonHelper.m_13845_(GsonHelper.java:481) ~[server-1.20.1-20230612.114412-srg.jar%23383!/:?]
	at net.minecraft.world.level.storage.loot.LootTable$Serializer.deserialize(LootTable.java:294) ~[server-1.20.1-20230612.114412-srg.jar%23383!/:?]
	at net.minecraft.world.level.storage.loot.LootTable$Serializer.deserialize(LootTable.java:291) ~[server-1.20.1-20230612.114412-srg.jar%23383!/:?]
	at com.google.gson.internal.bind.TreeTypeAdapter.read(TreeTypeAdapter.java:76) ~[gson-2.10.jar%2372!/:?]
	at com.google.gson.Gson.fromJson(Gson.java:1214) ~[gson-2.10.jar%2372!/:?]
	at com.google.gson.Gson.fromJson(Gson.java:1319) ~[gson-2.10.jar%2372!/:?]
	at com.google.gson.Gson.fromJson(Gson.java:1261) ~[gson-2.10.jar%2372!/:?]
	at net.minecraftforge.common.ForgeHooks.loadLootTable(ForgeHooks.java:871) ~[forge-1.20.1-47.3.7-universal.jar%23388!/:?]
	at net.minecraftforge.common.ForgeHooks.lambda$getLootTableDeserializer$3(ForgeHooks.java:848) ~[forge-1.20.1-47.3.7-universal.jar%23388!/:?]
	at net.minecraft.world.level.storage.loot.LootDataType.deserialize(LootDataType.java:45) ~[server-1.20.1-20230612.114412-srg.jar%23383!/:?]
	at net.minecraft.world.level.storage.loot.LootDataManager.lambda$scheduleElementParse$4(LootDataManager.java:56) ~[server-1.20.1-20230612.114412-srg.jar%23383!/:?]
	at java.util.HashMap.forEach(HashMap.java:1421) ~[?:?]
	at net.minecraft.world.level.storage.loot.LootDataManager.m_278660_(LootDataManager.java:55) ~[server-1.20.1-20230612.114412-srg.jar%23383!/:?]
	at java.util.concurrent.CompletableFuture$AsyncRun.run(CompletableFuture.java:1804) ~[?:?]
	at java.util.concurrent.CompletableFuture$AsyncRun.exec(CompletableFuture.java:1796) ~[?:?]
	at java.util.concurrent.ForkJoinTask.doExec(ForkJoinTask.java:373) ~[?:?]
	at java.util.concurrent.ForkJoinPool$WorkQueue.topLevelExec(ForkJoinPool.java:1182) ~[?:?]
	at java.util.concurrent.ForkJoinPool.scan(ForkJoinPool.java:1655) ~[?:?]
	at java.util.concurrent.ForkJoinPool.runWorker(ForkJoinPool.java:1622) ~[?:?]
	at java.util.concurrent.ForkJoinWorkerThread.run(ForkJoinWorkerThread.java:165) ~[?:?]
[25Oct2025 15:39:20.736] [Worker-Main-4/ERROR] [net.minecraftforge.common.ForgeHooks/]: Couldn't parse element loot_tables:nfm:blocks/beige_modern_sofa
com.google.gson.JsonSyntaxException: Expected name to be an item, was unknown string 'nfm:beige_modern_sofa'
	at net.minecraft.util.GsonHelper.m_13866_(GsonHelper.java:145) ~[server-1.20.1-20230612.114412-srg.jar%23383!/:?]
	at java.util.Optional.orElseThrow(Optional.java:403) ~[?:?]
	at net.minecraft.util.GsonHelper.m_13874_(GsonHelper.java:145) ~[server-1.20.1-20230612.114412-srg.jar%23383!/:?]
	at net.minecraft.util.GsonHelper.m_13909_(GsonHelper.java:153) ~[server-1.20.1-20230612.114412-srg.jar%23383!/:?]
	at net.minecraft.world.level.storage.loot.entries.LootItem$Serializer.m_7267_(LootItem.java:55) ~[server-1.20.1-20230612.114412-srg.jar%23383!/:?]
	at net.minecraft.world.level.storage.loot.entries.LootItem$Serializer.m_7267_(LootItem.java:40) ~[server-1.20.1-20230612.114412-srg.jar%23383!/:?]
	at net.minecraft.world.level.storage.loot.entries.LootPoolSingletonContainer$Serializer.m_5921_(LootPoolSingletonContainer.java:151) ~[server-1.20.1-20230612.114412-srg.jar%23383!/:?]
	at net.minecraft.world.level.storage.loot.entries.LootPoolSingletonContainer$Serializer.m_5921_(LootPoolSingletonContainer.java:129) ~[server-1.20.1-20230612.114412-srg.jar%23383!/:?]
	at net.minecraft.world.level.storage.loot.entries.LootPoolEntryContainer$Serializer.m_7561_(LootPoolEntryContainer.java:86) ~[server-1.20.1-20230612.114412-srg.jar%23383!/:?]
	at net.minecraft.world.level.storage.loot.entries.LootPoolEntryContainer$Serializer.m_7561_(LootPoolEntryContainer.java:74) ~[server-1.20.1-20230612.114412-srg.jar%23383!/:?]
	at net.minecraft.world.level.storage.loot.GsonAdapterFactory$JsonAdapter.deserialize(GsonAdapterFactory.java:102) ~[server-1.20.1-20230612.114412-srg.jar%23383!/:?]
	at com.google.gson.internal.bind.TreeTypeAdapter.read(TreeTypeAdapter.java:76) ~[gson-2.10.jar%2372!/:?]
	at com.google.gson.internal.bind.TypeAdapterRuntimeTypeWrapper.read(TypeAdapterRuntimeTypeWrapper.java:40) ~[gson-2.10.jar%2372!/:?]
	at com.google.gson.internal.bind.ArrayTypeAdapter.read(ArrayTypeAdapter.java:72) ~[gson-2.10.jar%2372!/:?]
	at com.google.gson.Gson.fromJson(Gson.java:1214) ~[gson-2.10.jar%2372!/:?]
	at com.google.gson.Gson.fromJson(Gson.java:1319) ~[gson-2.10.jar%2372!/:?]
	at com.google.gson.Gson.fromJson(Gson.java:1290) ~[gson-2.10.jar%2372!/:?]
	at com.google.gson.internal.bind.TreeTypeAdapter$GsonContextImpl.deserialize(TreeTypeAdapter.java:179) ~[gson-2.10.jar%2372!/:?]
	at net.minecraft.util.GsonHelper.m_13808_(GsonHelper.java:463) ~[server-1.20.1-20230612.114412-srg.jar%23383!/:?]
	at net.minecraft.util.GsonHelper.m_13836_(GsonHelper.java:471) ~[server-1.20.1-20230612.114412-srg.jar%23383!/:?]
	at net.minecraft.world.level.storage.loot.LootPool$Serializer.deserialize(LootPool.java:192) ~[server-1.20.1-20230612.114412-srg.jar%23383!/:?]
	at net.minecraft.world.level.storage.loot.LootPool$Serializer.deserialize(LootPool.java:189) ~[server-1.20.1-20230612.114412-srg.jar%23383!/:?]
	at com.google.gson.internal.bind.TreeTypeAdapter.read(TreeTypeAdapter.java:76) ~[gson-2.10.jar%2372!/:?]
	at com.google.gson.internal.bind.TypeAdapterRuntimeTypeWrapper.read(TypeAdapterRuntimeTypeWrapper.java:40) ~[gson-2.10.jar%2372!/:?]
	at com.google.gson.internal.bind.ArrayTypeAdapter.read(ArrayTypeAdapter.java:72) ~[gson-2.10.jar%2372!/:?]
	at com.google.gson.Gson.fromJson(Gson.java:1214) ~[gson-2.10.jar%2372!/:?]
	at com.google.gson.Gson.fromJson(Gson.java:1319) ~[gson-2.10.jar%2372!/:?]
	at com.google.gson.Gson.fromJson(Gson.java:1290) ~[gson-2.10.jar%2372!/:?]
	at com.google.gson.internal.bind.TreeTypeAdapter$GsonContextImpl.deserialize(TreeTypeAdapter.java:179) ~[gson-2.10.jar%2372!/:?]
	at net.minecraft.util.GsonHelper.m_13808_(GsonHelper.java:463) ~[server-1.20.1-20230612.114412-srg.jar%23383!/:?]
	at net.minecraft.util.GsonHelper.m_13845_(GsonHelper.java:481) ~[server-1.20.1-20230612.114412-srg.jar%23383!/:?]
	at net.minecraft.world.level.storage.loot.LootTable$Serializer.deserialize(LootTable.java:294) ~[server-1.20.1-20230612.114412-srg.jar%23383!/:?]
	at net.minecraft.world.level.storage.loot.LootTable$Serializer.deserialize(LootTable.java:291) ~[server-1.20.1-20230612.114412-srg.jar%23383!/:?]
	at com.google.gson.internal.bind.TreeTypeAdapter.read(TreeTypeAdapter.java:76) ~[gson-2.10.jar%2372!/:?]
	at com.google.gson.Gson.fromJson(Gson.java:1214) ~[gson-2.10.jar%2372!/:?]
	at com.google.gson.Gson.fromJson(Gson.java:1319) ~[gson-2.10.jar%2372!/:?]
	at com.google.gson.Gson.fromJson(Gson.java:1261) ~[gson-2.10.jar%2372!/:?]
	at net.minecraftforge.common.ForgeHooks.loadLootTable(ForgeHooks.java:871) ~[forge-1.20.1-47.3.7-universal.jar%23388!/:?]
	at net.minecraftforge.common.ForgeHooks.lambda$getLootTableDeserializer$3(ForgeHooks.java:848) ~[forge-1.20.1-47.3.7-universal.jar%23388!/:?]
	at net.minecraft.world.level.storage.loot.LootDataType.deserialize(LootDataType.java:45) ~[server-1.20.1-20230612.114412-srg.jar%23383!/:?]
	at net.minecraft.world.level.storage.loot.LootDataManager.lambda$scheduleElementParse$4(LootDataManager.java:56) ~[server-1.20.1-20230612.114412-srg.jar%23383!/:?]
	at java.util.HashMap.forEach(HashMap.java:1421) ~[?:?]
	at net.minecraft.world.level.storage.loot.LootDataManager.m_278660_(LootDataManager.java:55) ~[server-1.20.1-20230612.114412-srg.jar%23383!/:?]
	at java.util.concurrent.CompletableFuture$AsyncRun.run(CompletableFuture.java:1804) ~[?:?]
	at java.util.concurrent.CompletableFuture$AsyncRun.exec(CompletableFuture.java:1796) ~[?:?]
	at java.util.concurrent.ForkJoinTask.doExec(ForkJoinTask.java:373) ~[?:?]
	at java.util.concurrent.ForkJoinPool$WorkQueue.topLevelExec(ForkJoinPool.java:1182) ~[?:?]
	at java.util.concurrent.ForkJoinPool.scan(ForkJoinPool.java:1655) ~[?:?]
	at java.util.concurrent.ForkJoinPool.runWorker(ForkJoinPool.java:1622) ~[?:?]
	at java.util.concurrent.ForkJoinWorkerThread.run(ForkJoinWorkerThread.java:165) ~[?:?]
[25Oct2025 15:39:20.849] [Worker-Main-4/ERROR] [net.minecraftforge.common.ForgeHooks/]: Couldn't parse element loot_tables:nfm:blocks/beige_modern_bedside_cabinet
com.google.gson.JsonSyntaxException: Expected name to be an item, was unknown string 'nfm:beige_modern_bedside_cabinet'
	at net.minecraft.util.GsonHelper.m_13866_(GsonHelper.java:145) ~[server-1.20.1-20230612.114412-srg.jar%23383!/:?]
	at java.util.Optional.orElseThrow(Optional.java:403) ~[?:?]
	at net.minecraft.util.GsonHelper.m_13874_(GsonHelper.java:145) ~[server-1.20.1-20230612.114412-srg.jar%23383!/:?]
	at net.minecraft.util.GsonHelper.m_13909_(GsonHelper.java:153) ~[server-1.20.1-20230612.114412-srg.jar%23383!/:?]
	at net.minecraft.world.level.storage.loot.entries.LootItem$Serializer.m_7267_(LootItem.java:55) ~[server-1.20.1-20230612.114412-srg.jar%23383!/:?]
	at net.minecraft.world.level.storage.loot.entries.LootItem$Serializer.m_7267_(LootItem.java:40) ~[server-1.20.1-20230612.114412-srg.jar%23383!/:?]
	at net.minecraft.world.level.storage.loot.entries.LootPoolSingletonContainer$Serializer.m_5921_(LootPoolSingletonContainer.java:151) ~[server-1.20.1-20230612.114412-srg.jar%23383!/:?]
	at net.minecraft.world.level.storage.loot.entries.LootPoolSingletonContainer$Serializer.m_5921_(LootPoolSingletonContainer.java:129) ~[server-1.20.1-20230612.114412-srg.jar%23383!/:?]
	at net.minecraft.world.level.storage.loot.entries.LootPoolEntryContainer$Serializer.m_7561_(LootPoolEntryContainer.java:86) ~[server-1.20.1-20230612.114412-srg.jar%23383!/:?]
	at net.minecraft.world.level.storage.loot.entries.LootPoolEntryContainer$Serializer.m_7561_(LootPoolEntryContainer.java:74) ~[server-1.20.1-20230612.114412-srg.jar%23383!/:?]
	at net.minecraft.world.level.storage.loot.GsonAdapterFactory$JsonAdapter.deserialize(GsonAdapterFactory.java:102) ~[server-1.20.1-20230612.114412-srg.jar%23383!/:?]
	at com.google.gson.internal.bind.TreeTypeAdapter.read(TreeTypeAdapter.java:76) ~[gson-2.10.jar%2372!/:?]
	at com.google.gson.internal.bind.TypeAdapterRuntimeTypeWrapper.read(TypeAdapterRuntimeTypeWrapper.java:40) ~[gson-2.10.jar%2372!/:?]
	at com.google.gson.internal.bind.ArrayTypeAdapter.read(ArrayTypeAdapter.java:72) ~[gson-2.10.jar%2372!/:?]
	at com.google.gson.Gson.fromJson(Gson.java:1214) ~[gson-2.10.jar%2372!/:?]
	at com.google.gson.Gson.fromJson(Gson.java:1319) ~[gson-2.10.jar%2372!/:?]
	at com.google.gson.Gson.fromJson(Gson.java:1290) ~[gson-2.10.jar%2372!/:?]
	at com.google.gson.internal.bind.TreeTypeAdapter$GsonContextImpl.deserialize(TreeTypeAdapter.java:179) ~[gson-2.10.jar%2372!/:?]
	at net.minecraft.util.GsonHelper.m_13808_(GsonHelper.java:463) ~[server-1.20.1-20230612.114412-srg.jar%23383!/:?]
	at net.minecraft.util.GsonHelper.m_13836_(GsonHelper.java:471) ~[server-1.20.1-20230612.114412-srg.jar%23383!/:?]
	at net.minecraft.world.level.storage.loot.LootPool$Serializer.deserialize(LootPool.java:192) ~[server-1.20.1-20230612.114412-srg.jar%23383!/:?]
	at net.minecraft.world.level.storage.loot.LootPool$Serializer.deserialize(LootPool.java:189) ~[server-1.20.1-20230612.114412-srg.jar%23383!/:?]
	at com.google.gson.internal.bind.TreeTypeAdapter.read(TreeTypeAdapter.java:76) ~[gson-2.10.jar%2372!/:?]
	at com.google.gson.internal.bind.TypeAdapterRuntimeTypeWrapper.read(TypeAdapterRuntimeTypeWrapper.java:40) ~[gson-2.10.jar%2372!/:?]
	at com.google.gson.internal.bind.ArrayTypeAdapter.read(ArrayTypeAdapter.java:72) ~[gson-2.10.jar%2372!/:?]
	at com.google.gson.Gson.fromJson(Gson.java:1214) ~[gson-2.10.jar%2372!/:?]
	at com.google.gson.Gson.fromJson(Gson.java:1319) ~[gson-2.10.jar%2372!/:?]
	at com.google.gson.Gson.fromJson(Gson.java:1290) ~[gson-2.10.jar%2372!/:?]
	at com.google.gson.internal.bind.TreeTypeAdapter$GsonContextImpl.deserialize(TreeTypeAdapter.java:179) ~[gson-2.10.jar%2372!/:?]
	at net.minecraft.util.GsonHelper.m_13808_(GsonHelper.java:463) ~[server-1.20.1-20230612.114412-srg.jar%23383!/:?]
	at net.minecraft.util.GsonHelper.m_13845_(GsonHelper.java:481) ~[server-1.20.1-20230612.114412-srg.jar%23383!/:?]
	at net.minecraft.world.level.storage.loot.LootTable$Serializer.deserialize(LootTable.java:294) ~[server-1.20.1-20230612.114412-srg.jar%23383!/:?]
	at net.minecraft.world.level.storage.loot.LootTable$Serializer.deserialize(LootTable.java:291) ~[server-1.20.1-20230612.114412-srg.jar%23383!/:?]
	at com.google.gson.internal.bind.TreeTypeAdapter.read(TreeTypeAdapter.java:76) ~[gson-2.10.jar%2372!/:?]
	at com.google.gson.Gson.fromJson(Gson.java:1214) ~[gson-2.10.jar%2372!/:?]
	at com.google.gson.Gson.fromJson(Gson.java:1319) ~[gson-2.10.jar%2372!/:?]
	at com.google.gson.Gson.fromJson(Gson.java:1261) ~[gson-2.10.jar%2372!/:?]
	at net.minecraftforge.common.ForgeHooks.loadLootTable(ForgeHooks.java:871) ~[forge-1.20.1-47.3.7-universal.jar%23388!/:?]
	at net.minecraftforge.common.ForgeHooks.lambda$getLootTableDeserializer$3(ForgeHooks.java:848) ~[forge-1.20.1-47.3.7-universal.jar%23388!/:?]
	at net.minecraft.world.level.storage.loot.LootDataType.deserialize(LootDataType.java:45) ~[server-1.20.1-20230612.114412-srg.jar%23383!/:?]
	at net.minecraft.world.level.storage.loot.LootDataManager.lambda$scheduleElementParse$4(LootDataManager.java:56) ~[server-1.20.1-20230612.114412-srg.jar%23383!/:?]
	at java.util.HashMap.forEach(HashMap.java:1421) ~[?:?]
	at net.minecraft.world.level.storage.loot.LootDataManager.m_278660_(LootDataManager.java:55) ~[server-1.20.1-20230612.114412-srg.jar%23383!/:?]
	at java.util.concurrent.CompletableFuture$AsyncRun.run(CompletableFuture.java:1804) ~[?:?]
	at java.util.concurrent.CompletableFuture$AsyncRun.exec(CompletableFuture.java:1796) ~[?:?]
	at java.util.concurrent.ForkJoinTask.doExec(ForkJoinTask.java:373) ~[?:?]
	at java.util.concurrent.ForkJoinPool$WorkQueue.topLevelExec(ForkJoinPool.java:1182) ~[?:?]
	at java.util.concurrent.ForkJoinPool.scan(ForkJoinPool.java:1655) ~[?:?]
	at java.util.concurrent.ForkJoinPool.runWorker(ForkJoinPool.java:1622) ~[?:?]
	at java.util.concurrent.ForkJoinWorkerThread.run(ForkJoinWorkerThread.java:165) ~[?:?]
[25Oct2025 15:39:20.959] [Worker-Main-4/ERROR] [net.minecraftforge.common.ForgeHooks/]: Couldn't parse element loot_tables:nfm:blocks/beige_modern_kitchen_counter
com.google.gson.JsonSyntaxException: Expected name to be an item, was unknown string 'nfm:beige_modern_kitchen_counter'
	at net.minecraft.util.GsonHelper.m_13866_(GsonHelper.java:145) ~[server-1.20.1-20230612.114412-srg.jar%23383!/:?]
	at java.util.Optional.orElseThrow(Optional.java:403) ~[?:?]
	at net.minecraft.util.GsonHelper.m_13874_(GsonHelper.java:145) ~[server-1.20.1-20230612.114412-srg.jar%23383!/:?]
	at net.minecraft.util.GsonHelper.m_13909_(GsonHelper.java:153) ~[server-1.20.1-20230612.114412-srg.jar%23383!/:?]
	at net.minecraft.world.level.storage.loot.entries.LootItem$Serializer.m_7267_(LootItem.java:55) ~[server-1.20.1-20230612.114412-srg.jar%23383!/:?]
	at net.minecraft.world.level.storage.loot.entries.LootItem$Serializer.m_7267_(LootItem.java:40) ~[server-1.20.1-20230612.114412-srg.jar%23383!/:?]
	at net.minecraft.world.level.storage.loot.entries.LootPoolSingletonContainer$Serializer.m_5921_(LootPoolSingletonContainer.java:151) ~[server-1.20.1-20230612.114412-srg.jar%23383!/:?]
	at net.minecraft.world.level.storage.loot.entries.LootPoolSingletonContainer$Serializer.m_5921_(LootPoolSingletonContainer.java:129) ~[server-1.20.1-20230612.114412-srg.jar%23383!/:?]
	at net.minecraft.world.level.storage.loot.entries.LootPoolEntryContainer$Serializer.m_7561_(LootPoolEntryContainer.java:86) ~[server-1.20.1-20230612.114412-srg.jar%23383!/:?]
	at net.minecraft.world.level.storage.loot.entries.LootPoolEntryContainer$Serializer.m_7561_(LootPoolEntryContainer.java:74) ~[server-1.20.1-20230612.114412-srg.jar%23383!/:?]
	at net.minecraft.world.level.storage.loot.GsonAdapterFactory$JsonAdapter.deserialize(GsonAdapterFactory.java:102) ~[server-1.20.1-20230612.114412-srg.jar%23383!/:?]
	at com.google.gson.internal.bind.TreeTypeAdapter.read(TreeTypeAdapter.java:76) ~[gson-2.10.jar%2372!/:?]
	at com.google.gson.internal.bind.TypeAdapterRuntimeTypeWrapper.read(TypeAdapterRuntimeTypeWrapper.java:40) ~[gson-2.10.jar%2372!/:?]
	at com.google.gson.internal.bind.ArrayTypeAdapter.read(ArrayTypeAdapter.java:72) ~[gson-2.10.jar%2372!/:?]
	at com.google.gson.Gson.fromJson(Gson.java:1214) ~[gson-2.10.jar%2372!/:?]
	at com.google.gson.Gson.fromJson(Gson.java:1319) ~[gson-2.10.jar%2372!/:?]
	at com.google.gson.Gson.fromJson(Gson.java:1290) ~[gson-2.10.jar%2372!/:?]
	at com.google.gson.internal.bind.TreeTypeAdapter$GsonContextImpl.deserialize(TreeTypeAdapter.java:179) ~[gson-2.10.jar%2372!/:?]
	at net.minecraft.util.GsonHelper.m_13808_(GsonHelper.java:463) ~[server-1.20.1-20230612.114412-srg.jar%23383!/:?]
	at net.minecraft.util.GsonHelper.m_13836_(GsonHelper.java:471) ~[server-1.20.1-20230612.114412-srg.jar%23383!/:?]
	at net.minecraft.world.level.storage.loot.LootPool$Serializer.deserialize(LootPool.java:192) ~[server-1.20.1-20230612.114412-srg.jar%23383!/:?]
	at net.minecraft.world.level.storage.loot.LootPool$Serializer.deserialize(LootPool.java:189) ~[server-1.20.1-20230612.114412-srg.jar%23383!/:?]
	at com.google.gson.internal.bind.TreeTypeAdapter.read(TreeTypeAdapter.java:76) ~[gson-2.10.jar%2372!/:?]
	at com.google.gson.internal.bind.TypeAdapterRuntimeTypeWrapper.read(TypeAdapterRuntimeTypeWrapper.java:40) ~[gson-2.10.jar%2372!/:?]
	at com.google.gson.internal.bind.ArrayTypeAdapter.read(ArrayTypeAdapter.java:72) ~[gson-2.10.jar%2372!/:?]
	at com.google.gson.Gson.fromJson(Gson.java:1214) ~[gson-2.10.jar%2372!/:?]
	at com.google.gson.Gson.fromJson(Gson.java:1319) ~[gson-2.10.jar%2372!/:?]
	at com.google.gson.Gson.fromJson(Gson.java:1290) ~[gson-2.10.jar%2372!/:?]
	at com.google.gson.internal.bind.TreeTypeAdapter$GsonContextImpl.deserialize(TreeTypeAdapter.java:179) ~[gson-2.10.jar%2372!/:?]
	at net.minecraft.util.GsonHelper.m_13808_(GsonHelper.java:463) ~[server-1.20.1-20230612.114412-srg.jar%23383!/:?]
	at net.minecraft.util.GsonHelper.m_13845_(GsonHelper.java:481) ~[server-1.20.1-20230612.114412-srg.jar%23383!/:?]
	at net.minecraft.world.level.storage.loot.LootTable$Serializer.deserialize(LootTable.java:294) ~[server-1.20.1-20230612.114412-srg.jar%23383!/:?]
	at net.minecraft.world.level.storage.loot.LootTable$Serializer.deserialize(LootTable.java:291) ~[server-1.20.1-20230612.114412-srg.jar%23383!/:?]
	at com.google.gson.internal.bind.TreeTypeAdapter.read(TreeTypeAdapter.java:76) ~[gson-2.10.jar%2372!/:?]
	at com.google.gson.Gson.fromJson(Gson.java:1214) ~[gson-2.10.jar%2372!/:?]
	at com.google.gson.Gson.fromJson(Gson.java:1319) ~[gson-2.10.jar%2372!/:?]
	at com.google.gson.Gson.fromJson(Gson.java:1261) ~[gson-2.10.jar%2372!/:?]
	at net.minecraftforge.common.ForgeHooks.loadLootTable(ForgeHooks.java:871) ~[forge-1.20.1-47.3.7-universal.jar%23388!/:?]
	at net.minecraftforge.common.ForgeHooks.lambda$getLootTableDeserializer$3(ForgeHooks.java:848) ~[forge-1.20.1-47.3.7-universal.jar%23388!/:?]
	at net.minecraft.world.level.storage.loot.LootDataType.deserialize(LootDataType.java:45) ~[server-1.20.1-20230612.114412-srg.jar%23383!/:?]
	at net.minecraft.world.level.storage.loot.LootDataManager.lambda$scheduleElementParse$4(LootDataManager.java:56) ~[server-1.20.1-20230612.114412-srg.jar%23383!/:?]
	at java.util.HashMap.forEach(HashMap.java:1421) ~[?:?]
	at net.minecraft.world.level.storage.loot.LootDataManager.m_278660_(LootDataManager.java:55) ~[server-1.20.1-20230612.114412-srg.jar%23383!/:?]
	at java.util.concurrent.CompletableFuture$AsyncRun.run(CompletableFuture.java:1804) ~[?:?]
	at java.util.concurrent.CompletableFuture$AsyncRun.exec(CompletableFuture.java:1796) ~[?:?]
	at java.util.concurrent.ForkJoinTask.doExec(ForkJoinTask.java:373) ~[?:?]
	at java.util.concurrent.ForkJoinPool$WorkQueue.topLevelExec(ForkJoinPool.java:1182) ~[?:?]
	at java.util.concurrent.ForkJoinPool.scan(ForkJoinPool.java:1655) ~[?:?]
	at java.util.concurrent.ForkJoinPool.runWorker(ForkJoinPool.java:1622) ~[?:?]
	at java.util.concurrent.ForkJoinWorkerThread.run(ForkJoinWorkerThread.java:165) ~[?:?]
[25Oct2025 15:39:20.963] [Worker-Main-4/ERROR] [net.minecraftforge.common.ForgeHooks/]: Couldn't parse element loot_tables:nfm:blocks/beige_modern_table
com.google.gson.JsonSyntaxException: Expected name to be an item, was unknown string 'nfm:beige_modern_table'
	at net.minecraft.util.GsonHelper.m_13866_(GsonHelper.java:145) ~[server-1.20.1-20230612.114412-srg.jar%23383!/:?]
	at java.util.Optional.orElseThrow(Optional.java:403) ~[?:?]
	at net.minecraft.util.GsonHelper.m_13874_(GsonHelper.java:145) ~[server-1.20.1-20230612.114412-srg.jar%23383!/:?]
	at net.minecraft.util.GsonHelper.m_13909_(GsonHelper.java:153) ~[server-1.20.1-20230612.114412-srg.jar%23383!/:?]
	at net.minecraft.world.level.storage.loot.entries.LootItem$Serializer.m_7267_(LootItem.java:55) ~[server-1.20.1-20230612.114412-srg.jar%23383!/:?]
	at net.minecraft.world.level.storage.loot.entries.LootItem$Serializer.m_7267_(LootItem.java:40) ~[server-1.20.1-20230612.114412-srg.jar%23383!/:?]
	at net.minecraft.world.level.storage.loot.entries.LootPoolSingletonContainer$Serializer.m_5921_(LootPoolSingletonContainer.java:151) ~[server-1.20.1-20230612.114412-srg.jar%23383!/:?]
	at net.minecraft.world.level.storage.loot.entries.LootPoolSingletonContainer$Serializer.m_5921_(LootPoolSingletonContainer.java:129) ~[server-1.20.1-20230612.114412-srg.jar%23383!/:?]
	at net.minecraft.world.level.storage.loot.entries.LootPoolEntryContainer$Serializer.m_7561_(LootPoolEntryContainer.java:86) ~[server-1.20.1-20230612.114412-srg.jar%23383!/:?]
	at net.minecraft.world.level.storage.loot.entries.LootPoolEntryContainer$Serializer.m_7561_(LootPoolEntryContainer.java:74) ~[server-1.20.1-20230612.114412-srg.jar%23383!/:?]
	at net.minecraft.world.level.storage.loot.GsonAdapterFactory$JsonAdapter.deserialize(GsonAdapterFactory.java:102) ~[server-1.20.1-20230612.114412-srg.jar%23383!/:?]
	at com.google.gson.internal.bind.TreeTypeAdapter.read(TreeTypeAdapter.java:76) ~[gson-2.10.jar%2372!/:?]
	at com.google.gson.internal.bind.TypeAdapterRuntimeTypeWrapper.read(TypeAdapterRuntimeTypeWrapper.java:40) ~[gson-2.10.jar%2372!/:?]
	at com.google.gson.internal.bind.ArrayTypeAdapter.read(ArrayTypeAdapter.java:72) ~[gson-2.10.jar%2372!/:?]
	at com.google.gson.Gson.fromJson(Gson.java:1214) ~[gson-2.10.jar%2372!/:?]
	at com.google.gson.Gson.fromJson(Gson.java:1319) ~[gson-2.10.jar%2372!/:?]
	at com.google.gson.Gson.fromJson(Gson.java:1290) ~[gson-2.10.jar%2372!/:?]
	at com.google.gson.internal.bind.TreeTypeAdapter$GsonContextImpl.deserialize(TreeTypeAdapter.java:179) ~[gson-2.10.jar%2372!/:?]
	at net.minecraft.util.GsonHelper.m_13808_(GsonHelper.java:463) ~[server-1.20.1-20230612.114412-srg.jar%23383!/:?]
	at net.minecraft.util.GsonHelper.m_13836_(GsonHelper.java:471) ~[server-1.20.1-20230612.114412-srg.jar%23383!/:?]
	at net.minecraft.world.level.storage.loot.LootPool$Serializer.deserialize(LootPool.java:192) ~[server-1.20.1-20230612.114412-srg.jar%23383!/:?]
	at net.minecraft.world.level.storage.loot.LootPool$Serializer.deserialize(LootPool.java:189) ~[server-1.20.1-20230612.114412-srg.jar%23383!/:?]
	at com.google.gson.internal.bind.TreeTypeAdapter.read(TreeTypeAdapter.java:76) ~[gson-2.10.jar%2372!/:?]
	at com.google.gson.internal.bind.TypeAdapterRuntimeTypeWrapper.read(TypeAdapterRuntimeTypeWrapper.java:40) ~[gson-2.10.jar%2372!/:?]
	at com.google.gson.internal.bind.ArrayTypeAdapter.read(ArrayTypeAdapter.java:72) ~[gson-2.10.jar%2372!/:?]
	at com.google.gson.Gson.fromJson(Gson.java:1214) ~[gson-2.10.jar%2372!/:?]
	at com.google.gson.Gson.fromJson(Gson.java:1319) ~[gson-2.10.jar%2372!/:?]
	at com.google.gson.Gson.fromJson(Gson.java:1290) ~[gson-2.10.jar%2372!/:?]
	at com.google.gson.internal.bind.TreeTypeAdapter$GsonContextImpl.deserialize(TreeTypeAdapter.java:179) ~[gson-2.10.jar%2372!/:?]
	at net.minecraft.util.GsonHelper.m_13808_(GsonHelper.java:463) ~[server-1.20.1-20230612.114412-srg.jar%23383!/:?]
	at net.minecraft.util.GsonHelper.m_13845_(GsonHelper.java:481) ~[server-1.20.1-20230612.114412-srg.jar%23383!/:?]
	at net.minecraft.world.level.storage.loot.LootTable$Serializer.deserialize(LootTable.java:294) ~[server-1.20.1-20230612.114412-srg.jar%23383!/:?]
	at net.minecraft.world.level.storage.loot.LootTable$Serializer.deserialize(LootTable.java:291) ~[server-1.20.1-20230612.114412-srg.jar%23383!/:?]
	at com.google.gson.internal.bind.TreeTypeAdapter.read(TreeTypeAdapter.java:76) ~[gson-2.10.jar%2372!/:?]
	at com.google.gson.Gson.fromJson(Gson.java:1214) ~[gson-2.10.jar%2372!/:?]
	at com.google.gson.Gson.fromJson(Gson.java:1319) ~[gson-2.10.jar%2372!/:?]
	at com.google.gson.Gson.fromJson(Gson.java:1261) ~[gson-2.10.jar%2372!/:?]
	at net.minecraftforge.common.ForgeHooks.loadLootTable(ForgeHooks.java:871) ~[forge-1.20.1-47.3.7-universal.jar%23388!/:?]
	at net.minecraftforge.common.ForgeHooks.lambda$getLootTableDeserializer$3(ForgeHooks.java:848) ~[forge-1.20.1-47.3.7-universal.jar%23388!/:?]
	at net.minecraft.world.level.storage.loot.LootDataType.deserialize(LootDataType.java:45) ~[server-1.20.1-20230612.114412-srg.jar%23383!/:?]
	at net.minecraft.world.level.storage.loot.LootDataManager.lambda$scheduleElementParse$4(LootDataManager.java:56) ~[server-1.20.1-20230612.114412-srg.jar%23383!/:?]
	at java.util.HashMap.forEach(HashMap.java:1421) ~[?:?]
	at net.minecraft.world.level.storage.loot.LootDataManager.m_278660_(LootDataManager.java:55) ~[server-1.20.1-20230612.114412-srg.jar%23383!/:?]
	at java.util.concurrent.CompletableFuture$AsyncRun.run(CompletableFuture.java:1804) ~[?:?]
	at java.util.concurrent.CompletableFuture$AsyncRun.exec(CompletableFuture.java:1796) ~[?:?]
	at java.util.concurrent.ForkJoinTask.doExec(ForkJoinTask.java:373) ~[?:?]
	at java.util.concurrent.ForkJoinPool$WorkQueue.topLevelExec(ForkJoinPool.java:1182) ~[?:?]
	at java.util.concurrent.ForkJoinPool.scan(ForkJoinPool.java:1655) ~[?:?]
	at java.util.concurrent.ForkJoinPool.runWorker(ForkJoinPool.java:1622) ~[?:?]
	at java.util.concurrent.ForkJoinWorkerThread.run(ForkJoinWorkerThread.java:165) ~[?:?]
[25Oct2025 15:39:20.965] [Worker-Main-4/ERROR] [net.minecraftforge.common.ForgeHooks/]: Couldn't parse element loot_tables:nfm:blocks/beige_curtain
com.google.gson.JsonSyntaxException: Expected name to be an item, was unknown string 'nfm:beige_curtain'
	at net.minecraft.util.GsonHelper.m_13866_(GsonHelper.java:145) ~[server-1.20.1-20230612.114412-srg.jar%23383!/:?]
	at java.util.Optional.orElseThrow(Optional.java:403) ~[?:?]
	at net.minecraft.util.GsonHelper.m_13874_(GsonHelper.java:145) ~[server-1.20.1-20230612.114412-srg.jar%23383!/:?]
	at net.minecraft.util.GsonHelper.m_13909_(GsonHelper.java:153) ~[server-1.20.1-20230612.114412-srg.jar%23383!/:?]
	at net.minecraft.world.level.storage.loot.entries.LootItem$Serializer.m_7267_(LootItem.java:55) ~[server-1.20.1-20230612.114412-srg.jar%23383!/:?]
	at net.minecraft.world.level.storage.loot.entries.LootItem$Serializer.m_7267_(LootItem.java:40) ~[server-1.20.1-20230612.114412-srg.jar%23383!/:?]
	at net.minecraft.world.level.storage.loot.entries.LootPoolSingletonContainer$Serializer.m_5921_(LootPoolSingletonContainer.java:151) ~[server-1.20.1-20230612.114412-srg.jar%23383!/:?]
	at net.minecraft.world.level.storage.loot.entries.LootPoolSingletonContainer$Serializer.m_5921_(LootPoolSingletonContainer.java:129) ~[server-1.20.1-20230612.114412-srg.jar%23383!/:?]
	at net.minecraft.world.level.storage.loot.entries.LootPoolEntryContainer$Serializer.m_7561_(LootPoolEntryContainer.java:86) ~[server-1.20.1-20230612.114412-srg.jar%23383!/:?]
	at net.minecraft.world.level.storage.loot.entries.LootPoolEntryContainer$Serializer.m_7561_(LootPoolEntryContainer.java:74) ~[server-1.20.1-20230612.114412-srg.jar%23383!/:?]
	at net.minecraft.world.level.storage.loot.GsonAdapterFactory$JsonAdapter.deserialize(GsonAdapterFactory.java:102) ~[server-1.20.1-20230612.114412-srg.jar%23383!/:?]
	at com.google.gson.internal.bind.TreeTypeAdapter.read(TreeTypeAdapter.java:76) ~[gson-2.10.jar%2372!/:?]
	at com.google.gson.internal.bind.TypeAdapterRuntimeTypeWrapper.read(TypeAdapterRuntimeTypeWrapper.java:40) ~[gson-2.10.jar%2372!/:?]
	at com.google.gson.internal.bind.ArrayTypeAdapter.read(ArrayTypeAdapter.java:72) ~[gson-2.10.jar%2372!/:?]
	at com.google.gson.Gson.fromJson(Gson.java:1214) ~[gson-2.10.jar%2372!/:?]
	at com.google.gson.Gson.fromJson(Gson.java:1319) ~[gson-2.10.jar%2372!/:?]
	at com.google.gson.Gson.fromJson(Gson.java:1290) ~[gson-2.10.jar%2372!/:?]
	at com.google.gson.internal.bind.TreeTypeAdapter$GsonContextImpl.deserialize(TreeTypeAdapter.java:179) ~[gson-2.10.jar%2372!/:?]
	at net.minecraft.util.GsonHelper.m_13808_(GsonHelper.java:463) ~[server-1.20.1-20230612.114412-srg.jar%23383!/:?]
	at net.minecraft.util.GsonHelper.m_13836_(GsonHelper.java:471) ~[server-1.20.1-20230612.114412-srg.jar%23383!/:?]
	at net.minecraft.world.level.storage.loot.LootPool$Serializer.deserialize(LootPool.java:192) ~[server-1.20.1-20230612.114412-srg.jar%23383!/:?]
	at net.minecraft.world.level.storage.loot.LootPool$Serializer.deserialize(LootPool.java:189) ~[server-1.20.1-20230612.114412-srg.jar%23383!/:?]
	at com.google.gson.internal.bind.TreeTypeAdapter.read(TreeTypeAdapter.java:76) ~[gson-2.10.jar%2372!/:?]
	at com.google.gson.internal.bind.TypeAdapterRuntimeTypeWrapper.read(TypeAdapterRuntimeTypeWrapper.java:40) ~[gson-2.10.jar%2372!/:?]
	at com.google.gson.internal.bind.ArrayTypeAdapter.read(ArrayTypeAdapter.java:72) ~[gson-2.10.jar%2372!/:?]
	at com.google.gson.Gson.fromJson(Gson.java:1214) ~[gson-2.10.jar%2372!/:?]
	at com.google.gson.Gson.fromJson(Gson.java:1319) ~[gson-2.10.jar%2372!/:?]
	at com.google.gson.Gson.fromJson(Gson.java:1290) ~[gson-2.10.jar%2372!/:?]
	at com.google.gson.internal.bind.TreeTypeAdapter$GsonContextImpl.deserialize(TreeTypeAdapter.java:179) ~[gson-2.10.jar%2372!/:?]
	at net.minecraft.util.GsonHelper.m_13808_(GsonHelper.java:463) ~[server-1.20.1-20230612.114412-srg.jar%23383!/:?]
	at net.minecraft.util.GsonHelper.m_13845_(GsonHelper.java:481) ~[server-1.20.1-20230612.114412-srg.jar%23383!/:?]
	at net.minecraft.world.level.storage.loot.LootTable$Serializer.deserialize(LootTable.java:294) ~[server-1.20.1-20230612.114412-srg.jar%23383!/:?]
	at net.minecraft.world.level.storage.loot.LootTable$Serializer.deserialize(LootTable.java:291) ~[server-1.20.1-20230612.114412-srg.jar%23383!/:?]
	at com.google.gson.internal.bind.TreeTypeAdapter.read(TreeTypeAdapter.java:76) ~[gson-2.10.jar%2372!/:?]
	at com.google.gson.Gson.fromJson(Gson.java:1214) ~[gson-2.10.jar%2372!/:?]
	at com.google.gson.Gson.fromJson(Gson.java:1319) ~[gson-2.10.jar%2372!/:?]
	at com.google.gson.Gson.fromJson(Gson.java:1261) ~[gson-2.10.jar%2372!/:?]
	at net.minecraftforge.common.ForgeHooks.loadLootTable(ForgeHooks.java:871) ~[forge-1.20.1-47.3.7-universal.jar%23388!/:?]
	at net.minecraftforge.common.ForgeHooks.lambda$getLootTableDeserializer$3(ForgeHooks.java:848) ~[forge-1.20.1-47.3.7-universal.jar%23388!/:?]
	at net.minecraft.world.level.storage.loot.LootDataType.deserialize(LootDataType.java:45) ~[server-1.20.1-20230612.114412-srg.jar%23383!/:?]
	at net.minecraft.world.level.storage.loot.LootDataManager.lambda$scheduleElementParse$4(LootDataManager.java:56) ~[server-1.20.1-20230612.114412-srg.jar%23383!/:?]
	at java.util.HashMap.forEach(HashMap.java:1421) ~[?:?]
	at net.minecraft.world.level.storage.loot.LootDataManager.m_278660_(LootDataManager.java:55) ~[server-1.20.1-20230612.114412-srg.jar%23383!/:?]
	at java.util.concurrent.CompletableFuture$AsyncRun.run(CompletableFuture.java:1804) ~[?:?]
	at java.util.concurrent.CompletableFuture$AsyncRun.exec(CompletableFuture.java:1796) ~[?:?]
	at java.util.concurrent.ForkJoinTask.doExec(ForkJoinTask.java:373) ~[?:?]
	at java.util.concurrent.ForkJoinPool$WorkQueue.topLevelExec(ForkJoinPool.java:1182) ~[?:?]
	at java.util.concurrent.ForkJoinPool.scan(ForkJoinPool.java:1655) ~[?:?]
	at java.util.concurrent.ForkJoinPool.runWorker(ForkJoinPool.java:1622) ~[?:?]
	at java.util.concurrent.ForkJoinWorkerThread.run(ForkJoinWorkerThread.java:165) ~[?:?]
[25Oct2025 15:39:21.007] [Worker-Main-4/ERROR] [net.minecraftforge.common.ForgeHooks/]: Couldn't parse element loot_tables:nfm:blocks/beige_lamp
com.google.gson.JsonSyntaxException: Expected name to be an item, was unknown string 'nfm:beige_lamp'
	at net.minecraft.util.GsonHelper.m_13866_(GsonHelper.java:145) ~[server-1.20.1-20230612.114412-srg.jar%23383!/:?]
	at java.util.Optional.orElseThrow(Optional.java:403) ~[?:?]
	at net.minecraft.util.GsonHelper.m_13874_(GsonHelper.java:145) ~[server-1.20.1-20230612.114412-srg.jar%23383!/:?]
	at net.minecraft.util.GsonHelper.m_13909_(GsonHelper.java:153) ~[server-1.20.1-20230612.114412-srg.jar%23383!/:?]
	at net.minecraft.world.level.storage.loot.entries.LootItem$Serializer.m_7267_(LootItem.java:55) ~[server-1.20.1-20230612.114412-srg.jar%23383!/:?]
	at net.minecraft.world.level.storage.loot.entries.LootItem$Serializer.m_7267_(LootItem.java:40) ~[server-1.20.1-20230612.114412-srg.jar%23383!/:?]
	at net.minecraft.world.level.storage.loot.entries.LootPoolSingletonContainer$Serializer.m_5921_(LootPoolSingletonContainer.java:151) ~[server-1.20.1-20230612.114412-srg.jar%23383!/:?]
	at net.minecraft.world.level.storage.loot.entries.LootPoolSingletonContainer$Serializer.m_5921_(LootPoolSingletonContainer.java:129) ~[server-1.20.1-20230612.114412-srg.jar%23383!/:?]
	at net.minecraft.world.level.storage.loot.entries.LootPoolEntryContainer$Serializer.m_7561_(LootPoolEntryContainer.java:86) ~[server-1.20.1-20230612.114412-srg.jar%23383!/:?]
	at net.minecraft.world.level.storage.loot.entries.LootPoolEntryContainer$Serializer.m_7561_(LootPoolEntryContainer.java:74) ~[server-1.20.1-20230612.114412-srg.jar%23383!/:?]
	at net.minecraft.world.level.storage.loot.GsonAdapterFactory$JsonAdapter.deserialize(GsonAdapterFactory.java:102) ~[server-1.20.1-20230612.114412-srg.jar%23383!/:?]
	at com.google.gson.internal.bind.TreeTypeAdapter.read(TreeTypeAdapter.java:76) ~[gson-2.10.jar%2372!/:?]
	at com.google.gson.internal.bind.TypeAdapterRuntimeTypeWrapper.read(TypeAdapterRuntimeTypeWrapper.java:40) ~[gson-2.10.jar%2372!/:?]
	at com.google.gson.internal.bind.ArrayTypeAdapter.read(ArrayTypeAdapter.java:72) ~[gson-2.10.jar%2372!/:?]
	at com.google.gson.Gson.fromJson(Gson.java:1214) ~[gson-2.10.jar%2372!/:?]
	at com.google.gson.Gson.fromJson(Gson.java:1319) ~[gson-2.10.jar%2372!/:?]
	at com.google.gson.Gson.fromJson(Gson.java:1290) ~[gson-2.10.jar%2372!/:?]
	at com.google.gson.internal.bind.TreeTypeAdapter$GsonContextImpl.deserialize(TreeTypeAdapter.java:179) ~[gson-2.10.jar%2372!/:?]
	at net.minecraft.util.GsonHelper.m_13808_(GsonHelper.java:463) ~[server-1.20.1-20230612.114412-srg.jar%23383!/:?]
	at net.minecraft.util.GsonHelper.m_13836_(GsonHelper.java:471) ~[server-1.20.1-20230612.114412-srg.jar%23383!/:?]
	at net.minecraft.world.level.storage.loot.LootPool$Serializer.deserialize(LootPool.java:192) ~[server-1.20.1-20230612.114412-srg.jar%23383!/:?]
	at net.minecraft.world.level.storage.loot.LootPool$Serializer.deserialize(LootPool.java:189) ~[server-1.20.1-20230612.114412-srg.jar%23383!/:?]
	at com.google.gson.internal.bind.TreeTypeAdapter.read(TreeTypeAdapter.java:76) ~[gson-2.10.jar%2372!/:?]
	at com.google.gson.internal.bind.TypeAdapterRuntimeTypeWrapper.read(TypeAdapterRuntimeTypeWrapper.java:40) ~[gson-2.10.jar%2372!/:?]
	at com.google.gson.internal.bind.ArrayTypeAdapter.read(ArrayTypeAdapter.java:72) ~[gson-2.10.jar%2372!/:?]
	at com.google.gson.Gson.fromJson(Gson.java:1214) ~[gson-2.10.jar%2372!/:?]
	at com.google.gson.Gson.fromJson(Gson.java:1319) ~[gson-2.10.jar%2372!/:?]
	at com.google.gson.Gson.fromJson(Gson.java:1290) ~[gson-2.10.jar%2372!/:?]
	at com.google.gson.internal.bind.TreeTypeAdapter$GsonContextImpl.deserialize(TreeTypeAdapter.java:179) ~[gson-2.10.jar%2372!/:?]
	at net.minecraft.util.GsonHelper.m_13808_(GsonHelper.java:463) ~[server-1.20.1-20230612.114412-srg.jar%23383!/:?]
	at net.minecraft.util.GsonHelper.m_13845_(GsonHelper.java:481) ~[server-1.20.1-20230612.114412-srg.jar%23383!/:?]
	at net.minecraft.world.level.storage.loot.LootTable$Serializer.deserialize(LootTable.java:294) ~[server-1.20.1-20230612.114412-srg.jar%23383!/:?]
	at net.minecraft.world.level.storage.loot.LootTable$Serializer.deserialize(LootTable.java:291) ~[server-1.20.1-20230612.114412-srg.jar%23383!/:?]
	at com.google.gson.internal.bind.TreeTypeAdapter.read(TreeTypeAdapter.java:76) ~[gson-2.10.jar%2372!/:?]
	at com.google.gson.Gson.fromJson(Gson.java:1214) ~[gson-2.10.jar%2372!/:?]
	at com.google.gson.Gson.fromJson(Gson.java:1319) ~[gson-2.10.jar%2372!/:?]
	at com.google.gson.Gson.fromJson(Gson.java:1261) ~[gson-2.10.jar%2372!/:?]
	at net.minecraftforge.common.ForgeHooks.loadLootTable(ForgeHooks.java:871) ~[forge-1.20.1-47.3.7-universal.jar%23388!/:?]
	at net.minecraftforge.common.ForgeHooks.lambda$getLootTableDeserializer$3(ForgeHooks.java:848) ~[forge-1.20.1-47.3.7-universal.jar%23388!/:?]
	at net.minecraft.world.level.storage.loot.LootDataType.deserialize(LootDataType.java:45) ~[server-1.20.1-20230612.114412-srg.jar%23383!/:?]
	at net.minecraft.world.level.storage.loot.LootDataManager.lambda$scheduleElementParse$4(LootDataManager.java:56) ~[server-1.20.1-20230612.114412-srg.jar%23383!/:?]
	at java.util.HashMap.forEach(HashMap.java:1421) ~[?:?]
	at net.minecraft.world.level.storage.loot.LootDataManager.m_278660_(LootDataManager.java:55) ~[server-1.20.1-20230612.114412-srg.jar%23383!/:?]
	at java.util.concurrent.CompletableFuture$AsyncRun.run(CompletableFuture.java:1804) ~[?:?]
	at java.util.concurrent.CompletableFuture$AsyncRun.exec(CompletableFuture.java:1796) ~[?:?]
	at java.util.concurrent.ForkJoinTask.doExec(ForkJoinTask.java:373) ~[?:?]
	at java.util.concurrent.ForkJoinPool$WorkQueue.topLevelExec(ForkJoinPool.java:1182) ~[?:?]
	at java.util.concurrent.ForkJoinPool.scan(ForkJoinPool.java:1655) ~[?:?]
	at java.util.concurrent.ForkJoinPool.runWorker(ForkJoinPool.java:1622) ~[?:?]
	at java.util.concurrent.ForkJoinWorkerThread.run(ForkJoinWorkerThread.java:165) ~[?:?]
[25Oct2025 15:39:21.016] [Worker-Main-4/ERROR] [net.minecraftforge.common.ForgeHooks/]: Couldn't parse element loot_tables:nfm:blocks/beige_bar_stool
com.google.gson.JsonSyntaxException: Expected name to be an item, was unknown string 'nfm:beige_bar_stool'
	at net.minecraft.util.GsonHelper.m_13866_(GsonHelper.java:145) ~[server-1.20.1-20230612.114412-srg.jar%23383!/:?]
	at java.util.Optional.orElseThrow(Optional.java:403) ~[?:?]
	at net.minecraft.util.GsonHelper.m_13874_(GsonHelper.java:145) ~[server-1.20.1-20230612.114412-srg.jar%23383!/:?]
	at net.minecraft.util.GsonHelper.m_13909_(GsonHelper.java:153) ~[server-1.20.1-20230612.114412-srg.jar%23383!/:?]
	at net.minecraft.world.level.storage.loot.entries.LootItem$Serializer.m_7267_(LootItem.java:55) ~[server-1.20.1-20230612.114412-srg.jar%23383!/:?]
	at net.minecraft.world.level.storage.loot.entries.LootItem$Serializer.m_7267_(LootItem.java:40) ~[server-1.20.1-20230612.114412-srg.jar%23383!/:?]
	at net.minecraft.world.level.storage.loot.entries.LootPoolSingletonContainer$Serializer.m_5921_(LootPoolSingletonContainer.java:151) ~[server-1.20.1-20230612.114412-srg.jar%23383!/:?]
	at net.minecraft.world.level.storage.loot.entries.LootPoolSingletonContainer$Serializer.m_5921_(LootPoolSingletonContainer.java:129) ~[server-1.20.1-20230612.114412-srg.jar%23383!/:?]
	at net.minecraft.world.level.storage.loot.entries.LootPoolEntryContainer$Serializer.m_7561_(LootPoolEntryContainer.java:86) ~[server-1.20.1-20230612.114412-srg.jar%23383!/:?]
	at net.minecraft.world.level.storage.loot.entries.LootPoolEntryContainer$Serializer.m_7561_(LootPoolEntryContainer.java:74) ~[server-1.20.1-20230612.114412-srg.jar%23383!/:?]
	at net.minecraft.world.level.storage.loot.GsonAdapterFactory$JsonAdapter.deserialize(GsonAdapterFactory.java:102) ~[server-1.20.1-20230612.114412-srg.jar%23383!/:?]
	at com.google.gson.internal.bind.TreeTypeAdapter.read(TreeTypeAdapter.java:76) ~[gson-2.10.jar%2372!/:?]
	at com.google.gson.internal.bind.TypeAdapterRuntimeTypeWrapper.read(TypeAdapterRuntimeTypeWrapper.java:40) ~[gson-2.10.jar%2372!/:?]
	at com.google.gson.internal.bind.ArrayTypeAdapter.read(ArrayTypeAdapter.java:72) ~[gson-2.10.jar%2372!/:?]
	at com.google.gson.Gson.fromJson(Gson.java:1214) ~[gson-2.10.jar%2372!/:?]
	at com.google.gson.Gson.fromJson(Gson.java:1319) ~[gson-2.10.jar%2372!/:?]
	at com.google.gson.Gson.fromJson(Gson.java:1290) ~[gson-2.10.jar%2372!/:?]
	at com.google.gson.internal.bind.TreeTypeAdapter$GsonContextImpl.deserialize(TreeTypeAdapter.java:179) ~[gson-2.10.jar%2372!/:?]
	at net.minecraft.util.GsonHelper.m_13808_(GsonHelper.java:463) ~[server-1.20.1-20230612.114412-srg.jar%23383!/:?]
	at net.minecraft.util.GsonHelper.m_13836_(GsonHelper.java:471) ~[server-1.20.1-20230612.114412-srg.jar%23383!/:?]
	at net.minecraft.world.level.storage.loot.LootPool$Serializer.deserialize(LootPool.java:192) ~[server-1.20.1-20230612.114412-srg.jar%23383!/:?]
	at net.minecraft.world.level.storage.loot.LootPool$Serializer.deserialize(LootPool.java:189) ~[server-1.20.1-20230612.114412-srg.jar%23383!/:?]
	at com.google.gson.internal.bind.TreeTypeAdapter.read(TreeTypeAdapter.java:76) ~[gson-2.10.jar%2372!/:?]
	at com.google.gson.internal.bind.TypeAdapterRuntimeTypeWrapper.read(TypeAdapterRuntimeTypeWrapper.java:40) ~[gson-2.10.jar%2372!/:?]
	at com.google.gson.internal.bind.ArrayTypeAdapter.read(ArrayTypeAdapter.java:72) ~[gson-2.10.jar%2372!/:?]
	at com.google.gson.Gson.fromJson(Gson.java:1214) ~[gson-2.10.jar%2372!/:?]
	at com.google.gson.Gson.fromJson(Gson.java:1319) ~[gson-2.10.jar%2372!/:?]
	at com.google.gson.Gson.fromJson(Gson.java:1290) ~[gson-2.10.jar%2372!/:?]
	at com.google.gson.internal.bind.TreeTypeAdapter$GsonContextImpl.deserialize(TreeTypeAdapter.java:179) ~[gson-2.10.jar%2372!/:?]
	at net.minecraft.util.GsonHelper.m_13808_(GsonHelper.java:463) ~[server-1.20.1-20230612.114412-srg.jar%23383!/:?]
	at net.minecraft.util.GsonHelper.m_13845_(GsonHelper.java:481) ~[server-1.20.1-20230612.114412-srg.jar%23383!/:?]
	at net.minecraft.world.level.storage.loot.LootTable$Serializer.deserialize(LootTable.java:294) ~[server-1.20.1-20230612.114412-srg.jar%23383!/:?]
	at net.minecraft.world.level.storage.loot.LootTable$Serializer.deserialize(LootTable.java:291) ~[server-1.20.1-20230612.114412-srg.jar%23383!/:?]
	at com.google.gson.internal.bind.TreeTypeAdapter.read(TreeTypeAdapter.java:76) ~[gson-2.10.jar%2372!/:?]
	at com.google.gson.Gson.fromJson(Gson.java:1214) ~[gson-2.10.jar%2372!/:?]
	at com.google.gson.Gson.fromJson(Gson.java:1319) ~[gson-2.10.jar%2372!/:?]
	at com.google.gson.Gson.fromJson(Gson.java:1261) ~[gson-2.10.jar%2372!/:?]
	at net.minecraftforge.common.ForgeHooks.loadLootTable(ForgeHooks.java:871) ~[forge-1.20.1-47.3.7-universal.jar%23388!/:?]
	at net.minecraftforge.common.ForgeHooks.lambda$getLootTableDeserializer$3(ForgeHooks.java:848) ~[forge-1.20.1-47.3.7-universal.jar%23388!/:?]
	at net.minecraft.world.level.storage.loot.LootDataType.deserialize(LootDataType.java:45) ~[server-1.20.1-20230612.114412-srg.jar%23383!/:?]
	at net.minecraft.world.level.storage.loot.LootDataManager.lambda$scheduleElementParse$4(LootDataManager.java:56) ~[server-1.20.1-20230612.114412-srg.jar%23383!/:?]
	at java.util.HashMap.forEach(HashMap.java:1421) ~[?:?]
	at net.minecraft.world.level.storage.loot.LootDataManager.m_278660_(LootDataManager.java:55) ~[server-1.20.1-20230612.114412-srg.jar%23383!/:?]
	at java.util.concurrent.CompletableFuture$AsyncRun.run(CompletableFuture.java:1804) ~[?:?]
	at java.util.concurrent.CompletableFuture$AsyncRun.exec(CompletableFuture.java:1796) ~[?:?]
	at java.util.concurrent.ForkJoinTask.doExec(ForkJoinTask.java:373) ~[?:?]
	at java.util.concurrent.ForkJoinPool$WorkQueue.topLevelExec(ForkJoinPool.java:1182) ~[?:?]
	at java.util.concurrent.ForkJoinPool.scan(ForkJoinPool.java:1655) ~[?:?]
	at java.util.concurrent.ForkJoinPool.runWorker(ForkJoinPool.java:1622) ~[?:?]
	at java.util.concurrent.ForkJoinWorkerThread.run(ForkJoinWorkerThread.java:165) ~[?:?]
[25Oct2025 15:39:21.050] [Worker-Main-4/ERROR] [net.minecraftforge.common.ForgeHooks/]: Couldn't parse element loot_tables:nfm:blocks/beige_modern_kitchen_sink
com.google.gson.JsonSyntaxException: Expected name to be an item, was unknown string 'nfm:beige_modern_kitchen_sink'
	at net.minecraft.util.GsonHelper.m_13866_(GsonHelper.java:145) ~[server-1.20.1-20230612.114412-srg.jar%23383!/:?]
	at java.util.Optional.orElseThrow(Optional.java:403) ~[?:?]
	at net.minecraft.util.GsonHelper.m_13874_(GsonHelper.java:145) ~[server-1.20.1-20230612.114412-srg.jar%23383!/:?]
	at net.minecraft.util.GsonHelper.m_13909_(GsonHelper.java:153) ~[server-1.20.1-20230612.114412-srg.jar%23383!/:?]
	at net.minecraft.world.level.storage.loot.entries.LootItem$Serializer.m_7267_(LootItem.java:55) ~[server-1.20.1-20230612.114412-srg.jar%23383!/:?]
	at net.minecraft.world.level.storage.loot.entries.LootItem$Serializer.m_7267_(LootItem.java:40) ~[server-1.20.1-20230612.114412-srg.jar%23383!/:?]
	at net.minecraft.world.level.storage.loot.entries.LootPoolSingletonContainer$Serializer.m_5921_(LootPoolSingletonContainer.java:151) ~[server-1.20.1-20230612.114412-srg.jar%23383!/:?]
	at net.minecraft.world.level.storage.loot.entries.LootPoolSingletonContainer$Serializer.m_5921_(LootPoolSingletonContainer.java:129) ~[server-1.20.1-20230612.114412-srg.jar%23383!/:?]
	at net.minecraft.world.level.storage.loot.entries.LootPoolEntryContainer$Serializer.m_7561_(LootPoolEntryContainer.java:86) ~[server-1.20.1-20230612.114412-srg.jar%23383!/:?]
	at net.minecraft.world.level.storage.loot.entries.LootPoolEntryContainer$Serializer.m_7561_(LootPoolEntryContainer.java:74) ~[server-1.20.1-20230612.114412-srg.jar%23383!/:?]
	at net.minecraft.world.level.storage.loot.GsonAdapterFactory$JsonAdapter.deserialize(GsonAdapterFactory.java:102) ~[server-1.20.1-20230612.114412-srg.jar%23383!/:?]
	at com.google.gson.internal.bind.TreeTypeAdapter.read(TreeTypeAdapter.java:76) ~[gson-2.10.jar%2372!/:?]
	at com.google.gson.internal.bind.TypeAdapterRuntimeTypeWrapper.read(TypeAdapterRuntimeTypeWrapper.java:40) ~[gson-2.10.jar%2372!/:?]
	at com.google.gson.internal.bind.ArrayTypeAdapter.read(ArrayTypeAdapter.java:72) ~[gson-2.10.jar%2372!/:?]
	at com.google.gson.Gson.fromJson(Gson.java:1214) ~[gson-2.10.jar%2372!/:?]
	at com.google.gson.Gson.fromJson(Gson.java:1319) ~[gson-2.10.jar%2372!/:?]
	at com.google.gson.Gson.fromJson(Gson.java:1290) ~[gson-2.10.jar%2372!/:?]
	at com.google.gson.internal.bind.TreeTypeAdapter$GsonContextImpl.deserialize(TreeTypeAdapter.java:179) ~[gson-2.10.jar%2372!/:?]
	at net.minecraft.util.GsonHelper.m_13808_(GsonHelper.java:463) ~[server-1.20.1-20230612.114412-srg.jar%23383!/:?]
	at net.minecraft.util.GsonHelper.m_13836_(GsonHelper.java:471) ~[server-1.20.1-20230612.114412-srg.jar%23383!/:?]
	at net.minecraft.world.level.storage.loot.LootPool$Serializer.deserialize(LootPool.java:192) ~[server-1.20.1-20230612.114412-srg.jar%23383!/:?]
	at net.minecraft.world.level.storage.loot.LootPool$Serializer.deserialize(LootPool.java:189) ~[server-1.20.1-20230612.114412-srg.jar%23383!/:?]
	at com.google.gson.internal.bind.TreeTypeAdapter.read(TreeTypeAdapter.java:76) ~[gson-2.10.jar%2372!/:?]
	at com.google.gson.internal.bind.TypeAdapterRuntimeTypeWrapper.read(TypeAdapterRuntimeTypeWrapper.java:40) ~[gson-2.10.jar%2372!/:?]
	at com.google.gson.internal.bind.ArrayTypeAdapter.read(ArrayTypeAdapter.java:72) ~[gson-2.10.jar%2372!/:?]
	at com.google.gson.Gson.fromJson(Gson.java:1214) ~[gson-2.10.jar%2372!/:?]
	at com.google.gson.Gson.fromJson(Gson.java:1319) ~[gson-2.10.jar%2372!/:?]
	at com.google.gson.Gson.fromJson(Gson.java:1290) ~[gson-2.10.jar%2372!/:?]
	at com.google.gson.internal.bind.TreeTypeAdapter$GsonContextImpl.deserialize(TreeTypeAdapter.java:179) ~[gson-2.10.jar%2372!/:?]
	at net.minecraft.util.GsonHelper.m_13808_(GsonHelper.java:463) ~[server-1.20.1-20230612.114412-srg.jar%23383!/:?]
	at net.minecraft.util.GsonHelper.m_13845_(GsonHelper.java:481) ~[server-1.20.1-20230612.114412-srg.jar%23383!/:?]
	at net.minecraft.world.level.storage.loot.LootTable$Serializer.deserialize(LootTable.java:294) ~[server-1.20.1-20230612.114412-srg.jar%23383!/:?]
	at net.minecraft.world.level.storage.loot.LootTable$Serializer.deserialize(LootTable.java:291) ~[server-1.20.1-20230612.114412-srg.jar%23383!/:?]
	at com.google.gson.internal.bind.TreeTypeAdapter.read(TreeTypeAdapter.java:76) ~[gson-2.10.jar%2372!/:?]
	at com.google.gson.Gson.fromJson(Gson.java:1214) ~[gson-2.10.jar%2372!/:?]
	at com.google.gson.Gson.fromJson(Gson.java:1319) ~[gson-2.10.jar%2372!/:?]
	at com.google.gson.Gson.fromJson(Gson.java:1261) ~[gson-2.10.jar%2372!/:?]
	at net.minecraftforge.common.ForgeHooks.loadLootTable(ForgeHooks.java:871) ~[forge-1.20.1-47.3.7-universal.jar%23388!/:?]
	at net.minecraftforge.common.ForgeHooks.lambda$getLootTableDeserializer$3(ForgeHooks.java:848) ~[forge-1.20.1-47.3.7-universal.jar%23388!/:?]
	at net.minecraft.world.level.storage.loot.LootDataType.deserialize(LootDataType.java:45) ~[server-1.20.1-20230612.114412-srg.jar%23383!/:?]
	at net.minecraft.world.level.storage.loot.LootDataManager.lambda$scheduleElementParse$4(LootDataManager.java:56) ~[server-1.20.1-20230612.114412-srg.jar%23383!/:?]
	at java.util.HashMap.forEach(HashMap.java:1421) ~[?:?]
	at net.minecraft.world.level.storage.loot.LootDataManager.m_278660_(LootDataManager.java:55) ~[server-1.20.1-20230612.114412-srg.jar%23383!/:?]
	at java.util.concurrent.CompletableFuture$AsyncRun.run(CompletableFuture.java:1804) ~[?:?]
	at java.util.concurrent.CompletableFuture$AsyncRun.exec(CompletableFuture.java:1796) ~[?:?]
	at java.util.concurrent.ForkJoinTask.doExec(ForkJoinTask.java:373) ~[?:?]
	at java.util.concurrent.ForkJoinPool$WorkQueue.topLevelExec(ForkJoinPool.java:1182) ~[?:?]
	at java.util.concurrent.ForkJoinPool.scan(ForkJoinPool.java:1655) ~[?:?]
	at java.util.concurrent.ForkJoinPool.runWorker(ForkJoinPool.java:1622) ~[?:?]
	at java.util.concurrent.ForkJoinWorkerThread.run(ForkJoinWorkerThread.java:165) ~[?:?]
[25Oct2025 15:39:21.598] [main/ERROR] [net.minecraft.world.item.crafting.RecipeManager/]: Parsing error loading recipe vampirism:soil/cursed_earth_path: com.google.gson.JsonSyntaxException: Invalid or unsupported recipe type 'botanypots:soil'
[25Oct2025 15:39:21.604] [main/ERROR] [net.minecraft.world.item.crafting.RecipeManager/]: Parsing error loading recipe vampirism:crop/vampire_orchid: com.google.gson.JsonSyntaxException: Invalid or unsupported recipe type 'botanypots:crop'
[25Oct2025 15:39:21.617] [main/ERROR] [net.minecraft.world.item.crafting.RecipeManager/]: Parsing error loading recipe vampiresdelight:crop/black_mushroom: com.google.gson.JsonSyntaxException: Invalid or unsupported recipe type 'botanypots:crop'
[25Oct2025 15:39:21.622] [main/ERROR] [net.minecraft.world.item.crafting.RecipeManager/]: Parsing error loading recipe vampiresdelight:brewing/daisy_tea: com.google.gson.JsonSyntaxException: Invalid or unsupported recipe type 'farmersrespite:brewing'
[25Oct2025 15:39:21.658] [main/INFO] [net.minecraft.world.item.crafting.RecipeManager/]: Skipping loading recipe vampirism:general/umbrella as it's serializer returned null
[25Oct2025 15:39:21.677] [main/ERROR] [net.minecraft.world.item.crafting.RecipeManager/]: Parsing error loading recipe nfm:beige_modern_sofa: com.google.gson.JsonSyntaxException: Unknown item 'yogmod:beige_wool'
[25Oct2025 15:39:21.699] [main/ERROR] [net.minecraft.world.item.crafting.RecipeManager/]: Parsing error loading recipe vampiresdelight:pot_interaction/till_cursed_earth: com.google.gson.JsonSyntaxException: Invalid or unsupported recipe type 'botanypots:pot_interaction'
[25Oct2025 15:39:21.710] [main/ERROR] [net.minecraft.world.item.crafting.RecipeManager/]: Parsing error loading recipe iceandfire_curios:ring_of_bartering_recipe_2: com.google.gson.JsonSyntaxException: Unknown item 'minecraft:silver_block'
[25Oct2025 15:39:21.726] [main/ERROR] [net.minecraft.world.item.crafting.RecipeManager/]: Parsing error loading recipe traveloptics:augment_bruteforce_legendary: com.google.gson.JsonSyntaxException: Unknown item 'traveloptics:augment_bruteforce_epic'
[25Oct2025 15:39:21.733] [main/INFO] [net.minecraft.world.item.crafting.RecipeManager/]: Skipping loading recipe twilightforest:jeed/frosted as it's serializer returned null
[25Oct2025 15:39:21.736] [main/ERROR] [net.minecraft.world.item.crafting.RecipeManager/]: Parsing error loading recipe nfm:beige_cup: com.google.gson.JsonSyntaxException: Unknown item 'yogmod:beige_stained_glass_pane'
[25Oct2025 15:39:21.744] [main/ERROR] [net.minecraft.world.item.crafting.RecipeManager/]: Parsing error loading recipe nfm:beige_modern_desk: com.google.gson.JsonSyntaxException: Unknown item 'yogmod:beige_concrete'
[25Oct2025 15:39:21.750] [main/INFO] [net.minecraft.world.item.crafting.RecipeManager/]: Skipping loading recipe twilightforest:jeed/hunger as it's serializer returned null
[25Oct2025 15:39:21.767] [main/INFO] [net.minecraft.world.item.crafting.RecipeManager/]: Skipping loading recipe vampirism:vampire/blood_bottle as it's serializer returned null
[25Oct2025 15:39:21.775] [main/ERROR] [net.minecraft.world.item.crafting.RecipeManager/]: Parsing error loading recipe nfm:beige_modern_kitchen_counter: com.google.gson.JsonSyntaxException: Unknown item 'yogmod:beige_concrete'
[25Oct2025 15:39:21.808] [main/ERROR] [net.minecraft.world.item.crafting.RecipeManager/]: Parsing error loading recipe nfm:beige_modern_kitchen_drawer: com.google.gson.JsonSyntaxException: Unknown item 'yogmod:beige_concrete'
[25Oct2025 15:39:21.835] [main/ERROR] [net.minecraft.world.item.crafting.RecipeManager/]: Parsing error loading recipe legendary_monsters:ancient_dripstone_brick_stairs_left: com.google.gson.JsonSyntaxException: Unknown item 'legendary_monsters:ancient_dripstone_brick'
[25Oct2025 15:39:21.846] [main/ERROR] [net.minecraft.world.item.crafting.RecipeManager/]: Parsing error loading recipe nfm:beige_modern_bedside_cabinet: com.google.gson.JsonSyntaxException: Unknown item 'yogmod:beige_concrete'
[25Oct2025 15:39:21.860] [main/ERROR] [net.minecraft.world.item.crafting.RecipeManager/]: Parsing error loading recipe legendary_monsters:dinosaur_bone_meal: com.google.gson.JsonSyntaxException: Unknown item 'legendary_monsters:dinosaur_bone_meal'
[25Oct2025 15:39:21.878] [main/ERROR] [net.minecraft.world.item.crafting.RecipeManager/]: Parsing error loading recipe unusualprehistory:trike_shield_smithing: com.google.gson.JsonSyntaxException: Invalid or unsupported recipe type 'minecraft:smithing'
[25Oct2025 15:39:21.895] [main/INFO] [net.minecraft.world.item.crafting.RecipeManager/]: Skipping loading recipe twilightforest:jeed/blindness as it's serializer returned null
[25Oct2025 15:39:21.909] [main/ERROR] [net.minecraft.world.item.crafting.RecipeManager/]: Parsing error loading recipe nfm:beige_bar_stool: com.google.gson.JsonSyntaxException: Unknown item 'yogmod:beige_wool'
[25Oct2025 15:39:21.910] [main/ERROR] [net.minecraft.world.item.crafting.RecipeManager/]: Parsing error loading recipe nfm:beige_inflatable_castle: com.google.gson.JsonSyntaxException: Unknown item 'yogmod:beige_wool'
[25Oct2025 15:39:21.931] [main/INFO] [net.minecraft.world.item.crafting.RecipeManager/]: Skipping loading recipe twilightforest:jeed/poison as it's serializer returned null
[25Oct2025 15:39:21.933] [main/ERROR] [net.minecraft.world.item.crafting.RecipeManager/]: Parsing error loading recipe nfm:beige_modern_desk_cabinet: com.google.gson.JsonSyntaxException: Unknown item 'yogmod:beige_concrete'
[25Oct2025 15:39:21.953] [main/ERROR] [net.minecraft.world.item.crafting.RecipeManager/]: Parsing error loading recipe nfm:beige_modern_table: com.google.gson.JsonSyntaxException: Unknown item 'yogmod:beige_concrete'
[25Oct2025 15:39:21.955] [main/INFO] [net.minecraft.world.item.crafting.RecipeManager/]: Skipping loading recipe simpleplanes:plane_book as it's serializer returned null
[25Oct2025 15:39:21.960] [main/ERROR] [net.minecraft.world.item.crafting.RecipeManager/]: Parsing error loading recipe nfm:beige_modern_coffee_table: com.google.gson.JsonSyntaxException: Unknown item 'yogmod:beige_concrete'
[25Oct2025 15:39:21.961] [main/ERROR] [net.minecraft.world.item.crafting.RecipeManager/]: Parsing error loading recipe nfm:beige_television_stand: com.google.gson.JsonSyntaxException: Unknown item 'nfm:beige_modern_table'
[25Oct2025 15:39:21.969] [main/ERROR] [net.minecraft.world.item.crafting.RecipeManager/]: Parsing error loading recipe nfm:beige_modern_kitchen_sink: com.google.gson.JsonSyntaxException: Unknown item 'yogmod:beige_concrete'
[25Oct2025 15:39:21.972] [main/ERROR] [net.minecraft.world.item.crafting.RecipeManager/]: Parsing error loading recipe nfm:beige_curtain: com.google.gson.JsonSyntaxException: Unknown item 'yogmod:beige_wool'
[25Oct2025 15:39:21.973] [main/ERROR] [net.minecraft.world.item.crafting.RecipeManager/]: Parsing error loading recipe nfm:beige_modern_cabinet: com.google.gson.JsonSyntaxException: Unknown item 'yogmod:beige_concrete'
[25Oct2025 15:39:22.130] [main/ERROR] [net.minecraft.world.item.crafting.RecipeManager/]: Parsing error loading recipe vampiresdelight:crop/wild_garlic: com.google.gson.JsonSyntaxException: Invalid or unsupported recipe type 'botanypots:crop'
[25Oct2025 15:39:22.153] [main/ERROR] [net.minecraft.world.item.crafting.RecipeManager/]: Parsing error loading recipe nfm:beige_digital_clock: com.google.gson.JsonSyntaxException: Unknown item 'yogmod:beige_dye'
[25Oct2025 15:39:22.172] [main/ERROR] [net.minecraft.world.item.crafting.RecipeManager/]: Parsing error loading recipe vampirism:soil/cursed_earth: com.google.gson.JsonSyntaxException: Invalid or unsupported recipe type 'botanypots:soil'
[25Oct2025 15:39:22.180] [main/ERROR] [net.minecraft.world.item.crafting.RecipeManager/]: Parsing error loading recipe vampirism:crop/cursed_roots: com.google.gson.JsonSyntaxException: Invalid or unsupported recipe type 'botanypots:crop'
[25Oct2025 15:39:22.193] [main/ERROR] [net.minecraft.world.item.crafting.RecipeManager/]: Parsing error loading recipe traveloptics:amethyst_bless/augment_bruteforce_blessed: com.google.gson.JsonSyntaxException: Unknown item 'traveloptics:augment_bruteforce_mythic'
[25Oct2025 15:39:22.203] [main/INFO] [net.minecraft.world.item.crafting.RecipeManager/]: Skipping loading recipe twilightforest:jeed/resistance as it's serializer returned null
[25Oct2025 15:39:22.211] [main/ERROR] [net.minecraft.world.item.crafting.RecipeManager/]: Parsing error loading recipe moreartifacts:gilded_scarf: com.google.gson.JsonSyntaxException: Unknown item 'moreartifacts:shadow_dust '
[25Oct2025 15:39:22.234] [main/ERROR] [net.minecraft.world.item.crafting.RecipeManager/]: Parsing error loading recipe nfm:fire_alarm: com.google.gson.JsonSyntaxException: Unknown item 'minecraft:redstone_dust'
[25Oct2025 15:39:22.271] [main/ERROR] [net.minecraft.world.item.crafting.RecipeManager/]: Parsing error loading recipe vampiresdelight:crop/vampire_orchid_crop: com.google.gson.JsonSyntaxException: Invalid or unsupported recipe type 'botanypots:crop'
[25Oct2025 15:39:22.276] [main/ERROR] [net.minecraft.world.item.crafting.RecipeManager/]: Parsing error loading recipe legendary_monsters:purified_soul: com.google.gson.JsonSyntaxException: Invalid or unsupported recipe type 'minecraft:brewing'
[25Oct2025 15:39:22.294] [main/ERROR] [net.minecraft.world.item.crafting.RecipeManager/]: Parsing error loading recipe traveloptics:augment_infusion/augment_bruteforce_wild: com.google.gson.JsonSyntaxException: Unknown item 'traveloptics:augment_bruteforce_legendary'
[25Oct2025 15:39:22.295] [main/ERROR] [net.minecraft.world.item.crafting.RecipeManager/]: Parsing error loading recipe vampiresdelight:brewing/orchid_tea: com.google.gson.JsonSyntaxException: Invalid or unsupported recipe type 'farmersrespite:brewing'
[25Oct2025 15:39:22.340] [main/ERROR] [net.minecraft.world.item.crafting.RecipeManager/]: Parsing error loading recipe vampirism:soil/cursed_grass: com.google.gson.JsonSyntaxException: Invalid or unsupported recipe type 'botanypots:soil'
[25Oct2025 15:39:22.343] [main/ERROR] [net.minecraft.world.item.crafting.RecipeManager/]: Parsing error loading recipe vampiresdelight:soil/cursed_farmland: com.google.gson.JsonSyntaxException: Invalid or unsupported recipe type 'botanypots:soil'
[25Oct2025 15:39:22.353] [main/INFO] [net.minecraft.world.item.crafting.RecipeManager/]: Skipping loading recipe vampirism:general/guidebook as it's serializer returned null
[25Oct2025 15:39:22.354] [main/INFO] [net.minecraft.world.item.crafting.RecipeManager/]: Skipping loading recipe twilightforest:jeed/regeneration as it's serializer returned null
[25Oct2025 15:39:22.357] [main/INFO] [net.minecraft.world.item.crafting.RecipeManager/]: Skipping loading recipe twilightforest:jeed/slowness as it's serializer returned null
[25Oct2025 15:39:22.370] [main/ERROR] [net.minecraft.world.item.crafting.RecipeManager/]: Parsing error loading recipe nfm:beige_lamp: com.google.gson.JsonSyntaxException: Unknown item 'yogmod:beige_wool'
[25Oct2025 15:39:22.377] [main/INFO] [net.minecraft.world.item.crafting.RecipeManager/]: Skipping loading recipe twilightforest:jeed/fire_resistance as it's serializer returned null
[25Oct2025 15:39:22.377] [main/ERROR] [net.minecraft.world.item.crafting.RecipeManager/]: Parsing error loading recipe nfm:beige_wall_cabinet: com.google.gson.JsonSyntaxException: Unknown item 'yogmod:beige_concrete'
[25Oct2025 15:39:22.381] [main/ERROR] [net.minecraft.world.item.crafting.RecipeManager/]: Parsing error loading recipe nfm:beige_modern_chair: com.google.gson.JsonSyntaxException: Unknown item 'yogmod:beige_concrete'
[25Oct2025 15:39:22.390] [main/INFO] [net.minecraft.world.item.crafting.RecipeManager/]: Loaded 62 recipes
[25Oct2025 15:39:22.668] [main/ERROR] [net.minecraft.server.ServerAdvancementManager/]: Parsing error loading custom advancement minecraft:main/tame_barina: Failed to parse 'location' field
[25Oct2025 15:39:22.685] [main/ERROR] [net.minecraft.server.ServerAdvancementManager/]: Parsing error loading custom advancement legendary_monsters:defeat_ambusher: Expected item to be an item, was unknown string 'legendary_monsters:ancient_dripstone_shard'
[25Oct2025 15:39:22.741] [main/INFO] [net.minecraft.advancements.AdvancementList/]: Loaded 7122 advancements
[25Oct2025 15:39:22.755] [main/INFO] [placebo/]: Registered 0 additional recipes.
[25Oct2025 15:39:22.774] [main/INFO] [top.theillusivec4.curios.Curios/]: Loaded 29 curio slots
[25Oct2025 15:39:22.794] [main/INFO] [top.theillusivec4.curios.Curios/]: Loaded 13 curio entities
[25Oct2025 15:39:22.797] [main/ERROR] [bettervillage/]: Ice And Fire compatibility is not enabled for Better Village and Ice And Fire is present in your mod list.
     - Please install the datapack for better compatibility between Better Villages and Ice And Fire.
     - You can find the datapack URL in the `compatibility` section of the Better Villages description.
     - URL=https://www.curseforge.com/minecraft/mc-mods/better-village-forge
[25Oct2025 15:39:22.798] [main/ERROR] [bettervillage/]: More Villagers compatibility is not enabled for Better Village and More Villagers is present in your mod list.
     - Please install the datapack for better compatibility between Better Villages and More Villagers.
     - You can find the datapack URL in the `compatibility` section of the Better Villages description.
     - URL=https://www.curseforge.com/minecraft/mc-mods/better-village-forge
[25Oct2025 15:39:22.848] [main/INFO] [de.teamlapen.vampirism.entity.player.skills.SkillTree/]: Loaded 82 skill nodes
[25Oct2025 15:39:22.870] [main/INFO] [de.teamlapen.vampirism.entity.converted.VampirismEntityRegistry/]: Registered 14 convertibles
[25Oct2025 15:39:22.877] [main/INFO] [com.peeko32213.unusualprehistory.common.data.AnalyzerRecipeJsonManager/]: Data loader for unusualprehistory/analyzer loaded 14 jsons
[25Oct2025 15:39:22.880] [main/INFO] [com.peeko32213.unusualprehistory.common.data.LootFruitJsonManager/]: Data loader for unusualprehistory/trades loaded 4 jsons
[25Oct2025 15:39:22.911] [main/INFO] [com.peeko32213.unusualprehistory.common.data.EncyclopediaJsonManager/]: Data loader for unusualprehistory/encyclopedia loaded 47 jsons
[25Oct2025 15:39:22.936] [main/INFO] [twilightforest/]: Loaded 9 Stalactite configs!
[25Oct2025 15:39:22.971] [main/INFO] [placebo/]: Registered 0 gear_sets.
[25Oct2025 15:39:23.477] [Server thread/INFO] [net.minecraft.server.dedicated.DedicatedServer/]: Starting minecraft server version 1.20.1
[25Oct2025 15:39:23.479] [Server thread/INFO] [net.minecraft.server.dedicated.DedicatedServer/]: Loading properties
[25Oct2025 15:39:23.479] [Server thread/INFO] [net.minecraft.server.dedicated.DedicatedServer/]: Default game type: SURVIVAL
[25Oct2025 15:39:23.480] [Server thread/INFO] [net.minecraft.server.MinecraftServer/]: Generating keypair
[25Oct2025 15:39:23.738] [Server thread/INFO] [net.minecraft.server.dedicated.DedicatedServer/]: Starting Minecraft server on *:25565
[25Oct2025 15:39:23.767] [Server thread/INFO] [net.minecraft.server.network.ServerConnectionListener/]: Using epoll channel type
[25Oct2025 15:39:23.876] [Server thread/WARN] [net.minecraft.server.dedicated.DedicatedServer/]: **** SERVER IS RUNNING IN OFFLINE/INSECURE MODE!
[25Oct2025 15:39:23.877] [Server thread/WARN] [net.minecraft.server.dedicated.DedicatedServer/]: The server will make no attempt to authenticate usernames. Beware.
[25Oct2025 15:39:23.877] [Server thread/WARN] [net.minecraft.server.dedicated.DedicatedServer/]: While this makes the game possible to play without internet access, it also opens up the ability for hackers to connect with any username they choose.
[25Oct2025 15:39:23.878] [Server thread/WARN] [net.minecraft.server.dedicated.DedicatedServer/]: To change this, set "online-mode" to "true" in the server.properties file.
[25Oct2025 15:39:23.938] [Server thread/INFO] [Async Locator/]: Async Locator -> Configs:
Locator Threads: 1
Remove Offer: false
Dolphin Treasure Enabled: true
Eye Of Ender Enabled: true
Exploration Map Enabled: true
Locate Command Enabled: true
Villager Trade Enabled: true
[25Oct2025 15:39:24.387] [Server thread/INFO] [APTweaks(Core)/]: [APTweaks:Core] Game difficult factors EASY: 0.9, NORMAL: 1.0, PEACEFUL: 1.0 and HARD: 2.0
[25Oct2025 15:39:24.389] [Server thread/INFO] [APTweaks(Core)/]: [APTweaks:Core] ⏲ Phase 1/3 - Server took about 72.045 sec to load ...
[25Oct2025 15:39:24.488] [Server thread/INFO] [spark/]: Starting background profiler...
[25Oct2025 15:39:24.922] [Server thread/INFO] [APTweaks(Spawn)/]: Clearing spawn rates calculation ...
[25Oct2025 15:39:24.923] [Server thread/INFO] [APTweaks(Spawn)/]: ✓ Enable passive mobs spawn rate control for minecraft and 20 mobs with maxPerPlayer:8, maxPerWorld:32 and maxPerServer:320
[25Oct2025 15:39:24.923] [Server thread/INFO] [APTweaks(Spawn)/]: ✓ Enable neutral mobs spawn rate control for minecraft and 13 mobs with maxPerPlayer:8, maxPerWorld:32 and maxPerServer:320
[25Oct2025 15:39:24.924] [Server thread/INFO] [APTweaks(Spawn)/]: ✓ Enable hostile mobs spawn rate control for minecraft and 26 mobs with maxPerPlayer:8, maxPerWorld:32 and maxPerServer:320
[25Oct2025 15:39:24.924] [Server thread/INFO] [APTweaks(Spawn)/]: ✓ Enable passive mobs spawn rate control for minecraft and 1 mobs with maxPerPlayer:16, maxPerWorld:32 and maxPerServer:320
[25Oct2025 15:39:24.924] [Server thread/INFO] [APTweaks(Spawn)/]: ✓ Enable neutral mobs spawn rate control for minecraft and 1 mobs with maxPerPlayer:16, maxPerWorld:32 and maxPerServer:320
[25Oct2025 15:39:24.924] [Server thread/INFO] [APTweaks(Spawn)/]: ✓ Enable hostile mobs spawn rate control for minecraft and 7 mobs with maxPerPlayer:16, maxPerWorld:32 and maxPerServer:320
[25Oct2025 15:39:24.925] [Server thread/INFO] [APTweaks(Spawn)/]: ✓ Enable passive mobs spawn rate control for minecraft and 5 mobs with maxPerPlayer:8, maxPerWorld:32 and maxPerServer:320
[25Oct2025 15:39:24.925] [Server thread/INFO] [APTweaks(Spawn)/]: ✓ Enable neutral mobs spawn rate control for minecraft and 2 mobs with maxPerPlayer:6, maxPerWorld:24 and maxPerServer:320
[25Oct2025 15:39:24.925] [Server thread/INFO] [APTweaks(Spawn)/]: ✓ Enable hostile mobs spawn rate control for minecraft and 3 mobs with maxPerPlayer:16, maxPerWorld:64 and maxPerServer:320
[25Oct2025 15:39:24.925] [Server thread/INFO] [APTweaks(Spawn)/]: ✓ Enable passive mobs spawn rate control for alexsmobs and 10 mobs with maxPerPlayer:4, maxPerWorld:16 and maxPerServer:320
[25Oct2025 15:39:24.926] [Server thread/INFO] [APTweaks(Spawn)/]: ✓ Enable neutral mobs spawn rate control for alexsmobs and 19 mobs with maxPerPlayer:4, maxPerWorld:16 and maxPerServer:320
[25Oct2025 15:39:24.926] [Server thread/INFO] [APTweaks(Spawn)/]: ✓ Enable hostile mobs spawn rate control for alexsmobs and 17 mobs with maxPerPlayer:4, maxPerWorld:16 and maxPerServer:320
[25Oct2025 15:39:24.926] [Server thread/INFO] [APTweaks(Spawn)/]: Added 123 player spawn rules, 123 world spawn rules and 0 special spawn rules.
[25Oct2025 15:39:24.965] [Server thread/INFO] [APTweaks(Items)/]: Max number of Items allowed per world: 128 / per type: 32
[25Oct2025 15:39:24.965] [Server thread/INFO] [APTweaks(Items)/]: Enable clustering of items with a radius of 3 blocks.
[25Oct2025 15:39:24.966] [Server thread/INFO] [APTweaks(Items)/]: Optimize all items except from deny list: [item.minecraft.diamond, item.minecraft.diamond_block]
[25Oct2025 15:39:24.967] [Server thread/INFO] [APTweaks(Items)/]: Enable clustering of Experience Orbs with a radius of 4 blocks.
[25Oct2025 15:39:24.968] [Server thread/ERROR] [APTweaks(Items)/]: WARNING: Clumps groups XP orbs together into a new single entity, which will conflict with the XP Orb feature of this mod!
[25Oct2025 15:39:24.968] [Server thread/WARN] [APTweaks(Items)/]: Don't use both optimizations together! Clustering of Experience Orbs will be automatically disabled!
[25Oct2025 15:39:24.969] [Server thread/INFO] [APTweaks(Player)/]: Child player hurt damage will be reduced by 50% for []
[25Oct2025 15:39:24.969] [Server thread/INFO] [APTweaks(Player)/]: Child player attack damage will be increased by 50% for []
[25Oct2025 15:39:24.973] [Server thread/INFO] [Async Locator/]: Async Locator -> Starting locating executor service with thread pool size of 1
[25Oct2025 15:39:25.011] [Server thread/INFO] [terrablender/]: Initialized TerraBlender biomes for level stem minecraft:the_nether
[25Oct2025 15:39:25.727] [Server thread/INFO] [terrablender/]: Initialized TerraBlender biomes for level stem minecraft:overworld
[25Oct2025 15:39:25.731] [Server thread/INFO] [net.minecraft.server.dedicated.DedicatedServer/]: Preparing level "world"
[25Oct2025 15:39:25.901] [Server thread/WARN] [mixin/]: Method overwrite conflict for m_140184_ in lithium.mixins.json:world.player_chunk_tick.ThreadedAnvilChunkStorageMixin, previously written by me.steinborn.krypton.mixin.shared.network.flushconsolidation.ThreadedAnvilChunkStorageMixin. Skipping method.
[25Oct2025 15:39:26.298] [Server thread/INFO] [de.teamlapen.vampirism.GeneralEventHandler/]: Replacing DistanceManager.chunksToUpdateFutures for level ResourceKey[minecraft:dimension / minecraft:overworld] with concurrent set.
[25Oct2025 15:39:26.324] [Server thread/INFO] [de.teamlapen.vampirism.GeneralEventHandler/]: Replacing DistanceManager.chunksToUpdateFutures for level ResourceKey[minecraft:dimension / ad_astra:glacio] with concurrent set.
[25Oct2025 15:39:26.334] [Server thread/INFO] [de.teamlapen.vampirism.GeneralEventHandler/]: Replacing DistanceManager.chunksToUpdateFutures for level ResourceKey[minecraft:dimension / ad_astra:mars] with concurrent set.
[25Oct2025 15:39:26.338] [Server thread/INFO] [de.teamlapen.vampirism.GeneralEventHandler/]: Replacing DistanceManager.chunksToUpdateFutures for level ResourceKey[minecraft:dimension / ad_astra:mercury_orbit] with concurrent set.
[25Oct2025 15:39:26.345] [Server thread/INFO] [de.teamlapen.vampirism.GeneralEventHandler/]: Replacing DistanceManager.chunksToUpdateFutures for level ResourceKey[minecraft:dimension / ad_astra:moon] with concurrent set.
[25Oct2025 15:39:26.352] [Server thread/INFO] [de.teamlapen.vampirism.GeneralEventHandler/]: Replacing DistanceManager.chunksToUpdateFutures for level ResourceKey[minecraft:dimension / ad_astra:venus] with concurrent set.
[25Oct2025 15:39:26.397] [Server thread/INFO] [de.teamlapen.vampirism.GeneralEventHandler/]: Replacing DistanceManager.chunksToUpdateFutures for level ResourceKey[minecraft:dimension / minecraft:the_end] with concurrent set.
[25Oct2025 15:39:26.407] [Server thread/INFO] [de.teamlapen.vampirism.GeneralEventHandler/]: Replacing DistanceManager.chunksToUpdateFutures for level ResourceKey[minecraft:dimension / minecraft:the_nether] with concurrent set.
[25Oct2025 15:39:26.411] [Server thread/INFO] [de.teamlapen.vampirism.GeneralEventHandler/]: Replacing DistanceManager.chunksToUpdateFutures for level ResourceKey[minecraft:dimension / ad_astra:moon_orbit] with concurrent set.
[25Oct2025 15:39:26.414] [Server thread/INFO] [de.teamlapen.vampirism.GeneralEventHandler/]: Replacing DistanceManager.chunksToUpdateFutures for level ResourceKey[minecraft:dimension / ad_astra:mars_orbit] with concurrent set.
[25Oct2025 15:39:26.421] [Server thread/INFO] [de.teamlapen.vampirism.GeneralEventHandler/]: Replacing DistanceManager.chunksToUpdateFutures for level ResourceKey[minecraft:dimension / ad_astra:mercury] with concurrent set.
[25Oct2025 15:39:26.428] [Server thread/INFO] [de.teamlapen.vampirism.GeneralEventHandler/]: Replacing DistanceManager.chunksToUpdateFutures for level ResourceKey[minecraft:dimension / aether:the_aether] with concurrent set.
[25Oct2025 15:39:26.450] [Server thread/INFO] [de.teamlapen.vampirism.GeneralEventHandler/]: Replacing DistanceManager.chunksToUpdateFutures for level ResourceKey[minecraft:dimension / twilightforest:twilight_forest] with concurrent set.
[25Oct2025 15:39:26.459] [Server thread/INFO] [de.teamlapen.vampirism.GeneralEventHandler/]: Replacing DistanceManager.chunksToUpdateFutures for level ResourceKey[minecraft:dimension / ad_astra:earth_orbit] with concurrent set.
[25Oct2025 15:39:26.489] [Server thread/INFO] [de.teamlapen.vampirism.GeneralEventHandler/]: Replacing DistanceManager.chunksToUpdateFutures for level ResourceKey[minecraft:dimension / lostcities:lostcity] with concurrent set.
[25Oct2025 15:39:26.493] [Server thread/INFO] [de.teamlapen.vampirism.GeneralEventHandler/]: Replacing DistanceManager.chunksToUpdateFutures for level ResourceKey[minecraft:dimension / ad_astra:venus_orbit] with concurrent set.
[25Oct2025 15:39:26.498] [Server thread/INFO] [de.teamlapen.vampirism.GeneralEventHandler/]: Replacing DistanceManager.chunksToUpdateFutures for level ResourceKey[minecraft:dimension / ad_astra:glacio_orbit] with concurrent set.
[25Oct2025 15:39:26.502] [Server thread/INFO] [APTweaks(Core)/]: [APTweaks:Core] Game difficulty is set to EASY with a 0.9 factor.
[25Oct2025 15:39:26.503] [Server thread/INFO] [net.minecraft.server.MinecraftServer/]: Preparing start region for dimension minecraft:overworld
[25Oct2025 15:39:26.509] [Server thread/WARN] [mixin/]: Method overwrite conflict for removeIf in lithium.mixins.json:world.chunk_tickets.SortedArraySetMixin, previously written by org.embeddedt.modernfix.common.mixin.bugfix.paper_chunk_patches.SortedArraySetMixin. Skipping method.
[25Oct2025 15:39:26.511] [Server thread/INFO] [KubeJS Server/]: Server resource reload complete!
[25Oct2025 15:39:26.749] [Server thread/WARN] [mixin/]: @Redirect conflict. Skipping mixins.redirected_forge_1.20.1.json:net.minecraft.world.level.block.state.CacheMixin->@Redirect::redirectSupportTypes()[Lnet/minecraft/world/level/block/SupportType; with priority 10, already redirected by modernfix-common.mixins.json:perf.cache_blockstate_cache_arrays.AbstractBlockStateCacheMixin->@Redirect::getVoxelShapeValues()[Lnet/minecraft/world/level/block/SupportType; with priority 1000
[25Oct2025 15:39:27.831] [Server thread/INFO] [net.minecraft.server.level.progress.LoggerChunkProgressListener/]: Preparing spawn area: 0%
[25Oct2025 15:39:27.832] [Server thread/INFO] [net.minecraft.server.level.progress.LoggerChunkProgressListener/]: Preparing spawn area: 0%
[25Oct2025 15:39:27.832] [Server thread/INFO] [net.minecraft.server.level.progress.LoggerChunkProgressListener/]: Preparing spawn area: 0%
[25Oct2025 15:39:28.005] [Worker-Main-3/INFO] [net.minecraft.server.level.progress.LoggerChunkProgressListener/]: Preparing spawn area: 0%
[25Oct2025 15:39:28.549] [Server thread/INFO] [net.minecraft.server.level.progress.LoggerChunkProgressListener/]: Time elapsed: 2045 ms
[25Oct2025 15:39:28.550] [Server thread/INFO] [net.minecraft.server.dedicated.DedicatedServer/]: Done (4.654s)! For help, type "help"
[25Oct2025 15:39:28.654] [Server thread/INFO] [net.minecraftforge.server.permission.PermissionAPI/]: Successfully initialized permission handler forge:default_handler
[25Oct2025 15:39:28.654] [Server thread/INFO] [APTweaks(Core)/]: [APTweaks:Core] Max number of remote players is set to 20
[25Oct2025 15:39:28.655] [Server thread/INFO] [APTweaks(Gamerules)/]: Gamerules will be optimized with an 30 sec delay between updates.
[25Oct2025 15:39:28.655] [Server thread/INFO] [APTweaks(Gamerules)/]: Random Tick Speed will be optimized between 1 and 3
[25Oct2025 15:39:28.656] [Server thread/INFO] [APTweaks(Gamerules)/]: Max Entity Cramming will be optimized between 5 and 24
[25Oct2025 15:39:28.656] [Server thread/INFO] [APTweaks(Gamerules)/]: Block explosions will be automatically disabled during very high server load!
[25Oct2025 15:39:28.656] [Server thread/INFO] [APTweaks(Gamerules)/]: Elytra movement check will be automatically disabled during very high server load!
[25Oct2025 15:39:28.656] [Server thread/INFO] [APTweaks(Gamerules)/]: Insomnia (phantoms spawn) will be automatically disabled during very high server load!
[25Oct2025 15:39:28.657] [Server thread/INFO] [APTweaks(Gamerules)/]: Mob explosions will be automatically disabled during very high server load!
[25Oct2025 15:39:28.657] [Server thread/INFO] [APTweaks(Gamerules)/]: Patrol spawning will be automatically disabled during very high server load!
[25Oct2025 15:39:28.657] [Server thread/INFO] [APTweaks(Gamerules)/]: Raids will be automatically disabled during very high server load!
[25Oct2025 15:39:28.657] [Server thread/INFO] [APTweaks(Gamerules)/]: Trader spawning will be automatically disabled during very high server load!
[25Oct2025 15:39:28.657] [Server thread/INFO] [APTweaks(Gamerules)/]: TNT explosions will be automatically disabled during very high server load!
[25Oct2025 15:39:28.657] [Server thread/INFO] [APTweaks(Gamerules)/]: Vines spread will be automatically disabled during very high server load!
[25Oct2025 15:39:28.658] [Server thread/INFO] [APTweaks(Gamerules)/]: Warden spawning will be automatically disabled during very high server load!
[25Oct2025 15:39:28.658] [Server thread/INFO] [APTweaks(Core)/]: [APTweaks:Core] ⏲ Phase 2/3 - Server took about 76.314 sec to starting (∆: 4.269 secs)...
[25Oct2025 15:39:28.660] [Server thread/INFO] [APTweaks(Spawn)/]: [APTweaks:Spawn] Spawn allow list: []
[25Oct2025 15:39:28.661] [Server thread/INFO] [APTweaks(Spawn)/]: [APTweaks:Spawn] Spawn deny list: []
[25Oct2025 15:39:28.661] [Server thread/INFO] [APTweaks(Spawn)/]: [APTweaks:Spawn] Ignore dimension list: [minecraft:the_end]
[25Oct2025 15:39:28.661] [Server thread/INFO] [APTweaks(Spawn)/]: If you want to use a more aggressive spawn optimization, please set 'spawnAggressiveMode' to 'true'
[25Oct2025 15:39:28.661] [Server thread/INFO] [APTweaks(Spawn)/]: [APTweaks:Spawn] ✓ Enable limiter and block randomly every 16 mob from spawning ...
[25Oct2025 15:39:28.661] [Server thread/INFO] [APTweaks(Spawn)/]: [APTweaks:Spawn] ✓ Enable spawn rate control with max 32 per player ...
[25Oct2025 15:39:28.661] [Server thread/INFO] [APTweaks(Spawn)/]: [APTweaks:Spawn] ✓ Enable spawn rate control with max 128 per world ...
[25Oct2025 15:39:28.662] [Server thread/INFO] [APTweaks(Spawn)/]: [APTweaks:Spawn] ✓ Enable spawn rate control with max 512 per server ...
[25Oct2025 15:39:28.662] [Server thread/WARN] [APTweaks(Spawn)/]: 🛈 There are known issue with the Create mod! For this reasons all optimizations for related Create entities and/or items are disabled!
[25Oct2025 15:39:28.665] [Server thread/INFO] [mcp.mobius.waila.config.PluginConfig/]: [WTHIT] Plugin config reloaded
[25Oct2025 15:39:28.665] [Server thread/INFO] [APTweaks(Player)/]: Player will be protected during login for max. of 90 secs.
[25Oct2025 15:39:28.666] [Server thread/INFO] [APTweaks(Core)/]: [APTweaks:Core] ⏲ Phase 3/3 - Server took about 76.322 sec to be available and ready to play (∆: 0.008 secs) ...
[25Oct2025 15:39:28.682] [Server thread/INFO] [com.peeko32213.unusualprehistory.common.data.AnalyzerRecipeJsonManager/]: Registered 17 jsons with items!
[25Oct2025 15:39:28.682] [Server thread/INFO] [com.github.alexthe666.iceandfire.IceAndFire/]: {iceandfire:fire_dragon_roost=true, iceandfire:fire_lily=true, iceandfire:spawn_dragon_skeleton_fire=true, iceandfire:lightning_dragon_roost=true, iceandfire:spawn_dragon_skeleton_lightning=true, iceandfire:ice_dragon_roost=true, iceandfire:ice_dragon_cave=true, iceandfire:lightning_dragon_cave=true, iceandfire:cyclops_cave=true, iceandfire:spawn_wandering_cyclops=true, iceandfire:spawn_sea_serpent=true, iceandfire:frost_lily=true, iceandfire:hydra_cave=true, iceandfire:lightning_lily=true, iceandfire:pixie_village=true, iceandfire:myrmex_hive_jungle=true, iceandfire:myrmex_hive_desert=true, iceandfire:silver_ore=true, iceandfire:siren_island=true, iceandfire:spawn_dragon_skeleton_ice=true, iceandfire:spawn_stymphalian_bird=true, iceandfire:fire_dragon_cave=true, iceandfire:sapphire_ore=true, iceandfire:spawn_hippocampus=true, iceandfire:spawn_death_worm=true}
[25Oct2025 15:39:28.683] [Server thread/INFO] [com.github.alexthe666.iceandfire.IceAndFire/]: {TROLL_S=true, HIPPOGRYPH=true, AMPHITHERE=true, COCKATRICE=true, TROLL_M=true, DREAD_LICH=true, TROLL_F=true}
[25Oct2025 15:39:28.683] [Server thread/INFO] [com.cupboard.Cupboard/]: Loaded config for: smoothchunk.json
[25Oct2025 15:39:28.683] [Server thread/INFO] [com.cupboard.Cupboard/]: Loaded config for: chunksending.json
[25Oct2025 15:39:28.684] [Server thread/WARN] [ModernFix/]: Dedicated server took 76.426 seconds to load
[25Oct2025 15:39:29.790] [Server thread/INFO] [APTweaks(Core)/]: [APTweaks:Core] ↑ Server load changed from NORMAL (avg. 50.0) to VERY_HIGH (avg. 62.03200912475586)
[25Oct2025 15:39:44.236] [Server thread/INFO] [APTweaks(Core)/]: [APTweaks:Core] ↓ Server load changed from VERY_HIGH (avg. 62.03200912475586) to VERY_LOW (avg. 8.56991958618164)
[25Oct2025 15:41:26.712] [Netty Epoll Server IO #1/INFO] [mixin/]: Mixing server.MixinServerboundChatCommandPacket from mixins/common/nochatreports.mixins.json into net.minecraft.network.protocol.game.ServerboundChatCommandPacket
[25Oct2025 15:41:26.714] [Netty Epoll Server IO #1/INFO] [mixin/]: Mixing server.MixinServerboundChatPacket from mixins/common/nochatreports.mixins.json into net.minecraft.network.protocol.game.ServerboundChatPacket
[25Oct2025 15:41:26.715] [Netty Epoll Server IO #1/INFO] [mixin/]: Mixing server.MixinServerboundChatSessionUpdatePacket from mixins/common/nochatreports.mixins.json into net.minecraft.network.protocol.game.ServerboundChatSessionUpdatePacket
[25Oct2025 15:41:43.647] [Server thread/INFO] [net.minecraft.server.network.ServerLoginPacketListenerImpl/]: com.mojang.authlib.GameProfile@238fcb86[id=<null>,name=camilxdk1,properties={},legacy=false] (/127.251.208.206:58885) lost connection: Disconnected
[25Oct2025 15:41:54.694] [Server thread/WARN] [net.minecraft.network.syncher.SynchedEntityData/]: defineId called for: class net.minecraft.world.entity.player.Player from class tschipp.carryon.common.carry.CarryOnDataManager
[25Oct2025 15:41:54.801] [Server thread/INFO] [net.minecraft.server.players.PlayerList/]: camilxdk1[/127.251.208.206:37971] logged in with entity id 244 at (-856.5204079460739, 107.0, 295.2742468400472)
[25Oct2025 15:41:55.002] [Server thread/INFO] [net.minecraft.server.MinecraftServer/]: camilxdk1 joined the game
[25Oct2025 15:41:55.094] [Server thread/INFO] [APTweaks(Player)/]: Player camilxdk1 ServerPlayer['camilxdk1'/244, l='ServerLevel[world]', x=-856.52, y=107.00, z=295.27] logged in and will be protected for 90 secs.
[25Oct2025 15:41:59.298] [Server thread/INFO] [APTweaks(Core)/]: [APTweaks:Core] ↑ Server load changed from VERY_LOW (avg. 6.047684669494629) to LOW (avg. 34.952293395996094)
[25Oct2025 15:42:06.736] [Server thread/INFO] [APTweaks(Core)/]: [APTweaks:Core] ↓ Server load changed from LOW (avg. 34.952293395996094) to VERY_LOW (avg. 18.072513580322266)
[25Oct2025 15:42:20.836] [Server thread/INFO] [APTweaks(Player)/]: Protected Player camilxdk1 was successful validated after 25 secs.
[25Oct2025 15:42:20.836] [Server thread/INFO] [APTweaks(Player)/]: Removing player protection invulnerable from player camilxdk1!
[25Oct2025 15:42:44.235] [Server thread/INFO] [APTweaks(Core)/]: [APTweaks:Core] ↑ Server load changed from VERY_LOW (avg. 14.385248184204102) to LOW (avg. 30.15522003173828)
[25Oct2025 15:42:51.736] [Server thread/INFO] [APTweaks(Core)/]: [APTweaks:Core] ↑ Server load changed from LOW (avg. 30.15522003173828) to NORMAL (avg. 41.05845260620117)
[25Oct2025 15:43:06.736] [Server thread/INFO] [APTweaks(Core)/]: [APTweaks:Core] ↓ Server load changed from NORMAL (avg. 41.05845260620117) to VERY_LOW (avg. 18.99477767944336)
[25Oct2025 15:43:12.012] [Server thread/INFO] [net.minecraft.server.MinecraftServer/]: camilxdk1 has made the advancement [Bloody Stream]
[25Oct2025 15:44:29.237] [Server thread/INFO] [APTweaks(Core)/]: [APTweaks:Core] ↑ Server load changed from VERY_LOW (avg. 13.017166137695312) to LOW (avg. 21.245006561279297)
[25Oct2025 15:44:36.736] [Server thread/INFO] [APTweaks(Core)/]: [APTweaks:Core] ↓ Server load changed from LOW (avg. 21.245006561279297) to VERY_LOW (avg. 13.872072219848633)
[25Oct2025 15:44:51.737] [Server thread/INFO] [APTweaks(Core)/]: [APTweaks:Core] ↑ Server load changed from VERY_LOW (avg. 13.872072219848633) to LOW (avg. 20.08560562133789)
[25Oct2025 15:45:06.736] [Server thread/INFO] [APTweaks(Core)/]: [APTweaks:Core] ↓ Server load changed from LOW (avg. 20.08560562133789) to VERY_LOW (avg. 13.186054229736328)
[25Oct2025 15:46:02.038] [Server thread/INFO] [net.minecraft.server.players.PlayerList/]: Hachiko2357[/127.70.50.114:57833] logged in with entity id 1053 at (-90.58806588348509, 73.0, 26.00318316125969)
[25Oct2025 15:46:02.078] [Server thread/INFO] [net.minecraft.server.MinecraftServer/]: Hachiko2357 joined the game
[25Oct2025 15:46:02.120] [Server thread/INFO] [APTweaks(Player)/]: Player Hachiko2357 ServerPlayer['Hachiko2357'/1053, l='ServerLevel[world]', x=-90.59, y=73.00, z=26.00] logged in and will be protected for 90 secs.
[25Oct2025 15:46:06.735] [Server thread/INFO] [APTweaks(Core)/]: [APTweaks:Core] ↑ Server load changed from VERY_LOW (avg. 12.448716163635254) to LOW (avg. 22.31369400024414)
[25Oct2025 15:46:22.736] [Server thread/INFO] [APTweaks(Player)/]: Protected Player Hachiko2357 was successful validated after 20 secs.
[25Oct2025 15:46:22.736] [Server thread/INFO] [APTweaks(Player)/]: Removing player protection invulnerable from player Hachiko2357!
[25Oct2025 15:48:22.962] [Server thread/INFO] [APTweaks(Core)/]: [APTweaks:Core] ↑ Server load changed from LOW (avg. 25.758790969848633) to NORMAL (avg. 44.37696075439453)
[25Oct2025 15:48:30.012] [Server thread/INFO] [APTweaks(Core)/]: [APTweaks:Core] ↓ Server load changed from NORMAL (avg. 44.37696075439453) to LOW (avg. 26.740886688232422)
[25Oct2025 15:48:51.722] [Server thread/WARN] [net.minecraft.server.level.ServerPlayerGameMode/]: Mismatch in destroy block pos: BlockPos{x=-627, y=87, z=221} BlockPos{x=-627, y=85, z=220}
[25Oct2025 15:48:56.510] [Server thread/INFO] [net.minecraft.server.network.ServerGamePacketListenerImpl/]: camilxdk1 lost connection: Disconnected
[25Oct2025 15:48:56.510] [Server thread/INFO] [net.minecraft.server.MinecraftServer/]: camilxdk1 left the game
[25Oct2025 15:49:06.737] [Server thread/INFO] [APTweaks(Core)/]: [APTweaks:Core] ↓ Server load changed from LOW (avg. 29.631521224975586) to VERY_LOW (avg. 13.474264144897461)
[25Oct2025 15:49:29.254] [Server thread/INFO] [APTweaks(Core)/]: [APTweaks:Core] ↑ Server load changed from VERY_LOW (avg. 13.051823616027832) to LOW (avg. 23.5402774810791)
[25Oct2025 15:49:36.415] [dimthread_server_overworld/INFO] [irons_spells_js/]: irons_spellbooks:magic_missile
[25Oct2025 15:49:36.418] [dimthread_server_overworld/INFO] [irons_spells_js/]: io.redspace.ironsspellbooks.spells.ender.MagicMissileSpell@546364be
[25Oct2025 15:49:40.148] [dimthread_server_overworld/INFO] [irons_spells_js/]: irons_spellbooks:icicle
[25Oct2025 15:49:40.149] [dimthread_server_overworld/INFO] [irons_spells_js/]: io.redspace.ironsspellbooks.spells.ice.IcicleSpell@5832bc57
[25Oct2025 15:49:44.095] [dimthread_server_overworld/INFO] [irons_spells_js/]: irons_spellbooks:raise_dead
[25Oct2025 15:49:44.095] [dimthread_server_overworld/INFO] [irons_spells_js/]: io.redspace.ironsspellbooks.spells.blood.RaiseDeadSpell@a68f3101
[25Oct2025 15:49:45.554] [dimthread_server_overworld/WARN] [de.teamlapen.vampirism.entity.ModEntityEventHandler/]: Could not modify zombie attack target task for translation{key='entity.irons_spellbooks.summoned_zombie', args=[]}
[25Oct2025 15:49:45.554] [dimthread_server_overworld/WARN] [de.teamlapen.vampirism.entity.ModEntityEventHandler/]: Could not modify villager zombie attack target task for translation{key='entity.irons_spellbooks.summoned_zombie', args=[]}
[25Oct2025 15:49:45.558] [dimthread_server_overworld/WARN] [de.teamlapen.vampirism.entity.ModEntityEventHandler/]: Could not modify skeleton attack target task for translation{key='entity.irons_spellbooks.summoned_skeleton', args=[]}
[25Oct2025 15:49:45.559] [dimthread_server_overworld/WARN] [de.teamlapen.werewolves.entities.ModEntityEventHandler/]: Could not replace skeleton attack target task for translation{key='entity.irons_spellbooks.summoned_skeleton', args=[]}
[25Oct2025 15:49:50.580] [Server thread/INFO] [net.minecraft.server.players.PlayerList/]: camilxdk1[/127.251.208.206:60603] logged in with entity id 4163 at (-1209.1297635122883, 102.0, 354.8279720985473)
[25Oct2025 15:49:50.635] [Server thread/INFO] [net.minecraft.server.MinecraftServer/]: camilxdk1 joined the game
[25Oct2025 15:49:50.658] [Server thread/INFO] [APTweaks(Player)/]: Player camilxdk1 ServerPlayer['camilxdk1'/4163, l='ServerLevel[world]', x=-1209.13, y=102.00, z=354.83] logged in and will be protected for 90 secs.
[25Oct2025 15:49:52.151] [dimthread_server_overworld/INFO] [irons_spells_js/]: irons_spellbooks:none
[25Oct2025 15:49:52.152] [dimthread_server_overworld/INFO] [irons_spells_js/]: io.redspace.ironsspellbooks.spells.NoneSpell@9f953f62
[25Oct2025 15:50:04.136] [Server thread/INFO] [APTweaks(Player)/]: Protected Player camilxdk1 was successful validated after 13 secs.
[25Oct2025 15:50:04.136] [Server thread/INFO] [APTweaks(Player)/]: Removing player protection invulnerable from player camilxdk1!
[25Oct2025 15:50:23.136] [Server thread/INFO] [net.minecraft.server.MinecraftServer/]: Hachiko2357 was doomed to fall by Skeleton
[25Oct2025 15:50:42.399] [dimthread_server_overworld/INFO] [irons_spells_js/]: irons_spellbooks:fang_strike
[25Oct2025 15:50:42.399] [dimthread_server_overworld/INFO] [irons_spells_js/]: io.redspace.ironsspellbooks.spells.evocation.FangStrikeSpell@6f9ac2c7
[25Oct2025 15:50:44.237] [Server thread/INFO] [APTweaks(Core)/]: [APTweaks:Core] ↓ Server load changed from LOW (avg. 22.721847534179688) to VERY_LOW (avg. 19.917150497436523)
[25Oct2025 15:50:51.737] [Server thread/INFO] [APTweaks(Core)/]: [APTweaks:Core] ↑ Server load changed from VERY_LOW (avg. 19.917150497436523) to LOW (avg. 22.755701065063477)
[25Oct2025 15:51:01.482] [Server thread/INFO] [net.minecraft.server.MinecraftServer/]: Hachiko2357 was mauled by Necromancer's undead
[25Oct2025 15:53:44.848] [Server thread/INFO] [APTweaks(Core)/]: [APTweaks:Core] ↑ Server load changed from LOW (avg. 26.397184371948242) to VERY_HIGH (avg. 69.43766021728516)
[25Oct2025 15:53:52.601] [Server thread/INFO] [APTweaks(Core)/]: [APTweaks:Core] ↓ Server load changed from VERY_HIGH (avg. 69.43766021728516) to LOW (avg. 27.966426849365234)
[25Oct2025 15:54:36.768] [Server thread/INFO] [APTweaks(Core)/]: [APTweaks:Core] ↑ Server load changed from LOW (avg. 34.73183059692383) to NORMAL (avg. 41.638450622558594)
[25Oct2025 15:54:51.737] [Server thread/INFO] [APTweaks(Core)/]: [APTweaks:Core] ↓ Server load changed from NORMAL (avg. 41.638450622558594) to LOW (avg. 28.699636459350586)
[25Oct2025 15:57:03.368] [Server thread/INFO] [net.minecraft.server.MinecraftServer/]: Hachiko2357 hit the ground too hard
[25Oct2025 15:57:09.682] [Server thread/INFO] [net.minecraft.server.network.ServerGamePacketListenerImpl/]: camilxdk1 lost connection: Disconnected
[25Oct2025 15:57:09.682] [Server thread/INFO] [net.minecraft.server.MinecraftServer/]: camilxdk1 left the game
[25Oct2025 15:57:09.846] [Server thread/INFO] [net.minecraft.server.network.ServerGamePacketListenerImpl/]: Hachiko2357 lost connection: Disconnected
[25Oct2025 15:57:09.846] [Server thread/INFO] [net.minecraft.server.MinecraftServer/]: Hachiko2357 left the game
[25Oct2025 15:57:21.737] [Server thread/INFO] [APTweaks(Core)/]: [APTweaks:Core] ↓ Server load changed from LOW (avg. 30.543052673339844) to VERY_LOW (avg. 6.540572166442871)
[25Oct2025 16:07:20.209] [Server thread/INFO] [net.minecraft.server.players.PlayerList/]: Hachiko2357[/127.70.50.114:49913] logged in with entity id 13697 at (-16.964567444603567, 66.0, 8.349797494798183)
[25Oct2025 16:07:20.235] [Server thread/INFO] [net.minecraft.server.MinecraftServer/]: Hachiko2357 joined the game
[25Oct2025 16:07:20.280] [Server thread/INFO] [APTweaks(Player)/]: Player Hachiko2357 ServerPlayer['Hachiko2357'/13697, l='ServerLevel[world]', x=-16.96, y=66.00, z=8.35] logged in and will be protected for 90 secs.
[25Oct2025 16:07:29.636] [Server thread/INFO] [APTweaks(Player)/]: Protected Player Hachiko2357 was successful validated after 9 secs.
[25Oct2025 16:07:29.637] [Server thread/INFO] [APTweaks(Player)/]: Removing player protection invulnerable from player Hachiko2357!
[25Oct2025 16:10:06.745] [Server thread/INFO] [APTweaks(Core)/]: [APTweaks:Core] ↑ Server load changed from VERY_LOW (avg. 11.836529731750488) to LOW (avg. 33.50815963745117)
[25Oct2025 16:10:14.236] [Server thread/INFO] [APTweaks(Core)/]: [APTweaks:Core] ↓ Server load changed from LOW (avg. 33.50815963745117) to VERY_LOW (avg. 13.421043395996094)
[25Oct2025 16:11:06.736] [Server thread/INFO] [APTweaks(Core)/]: [APTweaks:Core] ↑ Server load changed from VERY_LOW (avg. 12.355287551879883) to LOW (avg. 25.32423973083496)
[25Oct2025 16:11:14.236] [Server thread/INFO] [APTweaks(Core)/]: [APTweaks:Core] ↓ Server load changed from LOW (avg. 25.32423973083496) to VERY_LOW (avg. 17.500274658203125)
[25Oct2025 16:13:03.999] [Server thread/INFO] [net.minecraft.server.network.ServerGamePacketListenerImpl/]: Hachiko2357 lost connection: Disconnected
[25Oct2025 16:13:04.000] [Server thread/INFO] [net.minecraft.server.MinecraftServer/]: Hachiko2357 left the game
[25Oct2025 16:15:12.406] [Server thread/INFO] [Async Locator/]: Async Locator -> Shutting down locating executor service
[25Oct2025 16:15:12.453] [Server thread/INFO] [net.minecraft.server.MinecraftServer/]: Stopping server
[25Oct2025 16:15:12.466] [Server thread/INFO] [net.minecraft.server.MinecraftServer/]: Saving players
[25Oct2025 16:15:12.469] [Server thread/INFO] [net.minecraft.server.MinecraftServer/]: Saving worlds
[25Oct2025 16:15:12.571] [Server thread/INFO] [net.minecraft.server.MinecraftServer/]: Saving chunks for level 'ServerLevel[world]'/minecraft:overworld
[25Oct2025 16:15:12.905] [Server thread/INFO] [net.minecraft.server.MinecraftServer/]: Saving chunks for level 'ServerLevel[world]'/ad_astra:glacio
[25Oct2025 16:15:12.907] [Server thread/INFO] [net.minecraft.server.MinecraftServer/]: Saving chunks for level 'ServerLevel[world]'/ad_astra:mars
[25Oct2025 16:15:12.911] [Server thread/INFO] [net.minecraft.server.MinecraftServer/]: Saving chunks for level 'ServerLevel[world]'/ad_astra:mercury_orbit
[25Oct2025 16:15:12.914] [Server thread/INFO] [net.minecraft.server.MinecraftServer/]: Saving chunks for level 'ServerLevel[world]'/ad_astra:moon
[25Oct2025 16:15:12.931] [Server thread/INFO] [net.minecraft.server.MinecraftServer/]: Saving chunks for level 'ServerLevel[world]'/ad_astra:venus
[25Oct2025 16:15:12.936] [Server thread/INFO] [net.minecraft.server.MinecraftServer/]: Saving chunks for level 'ServerLevel[world]'/minecraft:the_end
[25Oct2025 16:15:12.939] [Server thread/INFO] [net.minecraft.server.MinecraftServer/]: Saving chunks for level 'ServerLevel[world]'/minecraft:the_nether
[25Oct2025 16:15:12.940] [Server thread/INFO] [net.minecraft.server.MinecraftServer/]: Saving chunks for level 'ServerLevel[world]'/ad_astra:moon_orbit
[25Oct2025 16:15:12.947] [Server thread/INFO] [net.minecraft.server.MinecraftServer/]: Saving chunks for level 'ServerLevel[world]'/ad_astra:mars_orbit
[25Oct2025 16:15:12.949] [Server thread/INFO] [net.minecraft.server.MinecraftServer/]: Saving chunks for level 'ServerLevel[world]'/ad_astra:mercury
[25Oct2025 16:15:12.953] [Server thread/INFO] [net.minecraft.server.MinecraftServer/]: Saving chunks for level 'ServerLevel[world]'/aether:the_aether
[25Oct2025 16:15:12.964] [Server thread/INFO] [net.minecraft.server.MinecraftServer/]: Saving chunks for level 'ServerLevel[world]'/twilightforest:twilight_forest
[25Oct2025 16:15:12.965] [Server thread/INFO] [net.minecraft.server.MinecraftServer/]: Saving chunks for level 'ServerLevel[world]'/ad_astra:earth_orbit
[25Oct2025 16:15:12.967] [Server thread/INFO] [net.minecraft.server.MinecraftServer/]: Saving chunks for level 'ServerLevel[world]'/lostcities:lostcity
[25Oct2025 16:15:12.968] [Server thread/INFO] [net.minecraft.server.MinecraftServer/]: Saving chunks for level 'ServerLevel[world]'/ad_astra:venus_orbit
[25Oct2025 16:15:12.976] [Server thread/INFO] [net.minecraft.server.MinecraftServer/]: Saving chunks for level 'ServerLevel[world]'/ad_astra:glacio_orbit
[25Oct2025 16:15:13.161] [Server thread/INFO] [net.minecraft.server.MinecraftServer/]: ThreadedAnvilChunkStorage (world): All chunks are saved
[25Oct2025 16:15:13.162] [Server thread/INFO] [net.minecraft.server.MinecraftServer/]: ThreadedAnvilChunkStorage (glacio): All chunks are saved
[25Oct2025 16:15:13.163] [Server thread/INFO] [net.minecraft.server.MinecraftServer/]: ThreadedAnvilChunkStorage (mars): All chunks are saved
[25Oct2025 16:15:13.163] [Server thread/INFO] [net.minecraft.server.MinecraftServer/]: ThreadedAnvilChunkStorage (mercury_orbit): All chunks are saved
[25Oct2025 16:15:13.164] [Server thread/INFO] [net.minecraft.server.MinecraftServer/]: ThreadedAnvilChunkStorage (moon): All chunks are saved
[25Oct2025 16:15:13.164] [Server thread/INFO] [net.minecraft.server.MinecraftServer/]: ThreadedAnvilChunkStorage (venus): All chunks are saved
[25Oct2025 16:15:13.167] [Server thread/INFO] [net.minecraft.server.MinecraftServer/]: ThreadedAnvilChunkStorage (DIM1): All chunks are saved
[25Oct2025 16:15:13.168] [Server thread/INFO] [net.minecraft.server.MinecraftServer/]: ThreadedAnvilChunkStorage (DIM-1): All chunks are saved
[25Oct2025 16:15:13.168] [Server thread/INFO] [net.minecraft.server.MinecraftServer/]: ThreadedAnvilChunkStorage (moon_orbit): All chunks are saved
[25Oct2025 16:15:13.168] [Server thread/INFO] [net.minecraft.server.MinecraftServer/]: ThreadedAnvilChunkStorage (mars_orbit): All chunks are saved
[25Oct2025 16:15:13.169] [Server thread/INFO] [net.minecraft.server.MinecraftServer/]: ThreadedAnvilChunkStorage (mercury): All chunks are saved
[25Oct2025 16:15:13.169] [Server thread/INFO] [net.minecraft.server.MinecraftServer/]: ThreadedAnvilChunkStorage (the_aether): All chunks are saved
[25Oct2025 16:15:13.169] [Server thread/INFO] [net.minecraft.server.MinecraftServer/]: ThreadedAnvilChunkStorage (twilight_forest): All chunks are saved
[25Oct2025 16:15:13.169] [Server thread/INFO] [net.minecraft.server.MinecraftServer/]: ThreadedAnvilChunkStorage (earth_orbit): All chunks are saved
[25Oct2025 16:15:13.169] [Server thread/INFO] [net.minecraft.server.MinecraftServer/]: ThreadedAnvilChunkStorage (lostcity): All chunks are saved
[25Oct2025 16:15:13.169] [Server thread/INFO] [net.minecraft.server.MinecraftServer/]: ThreadedAnvilChunkStorage (venus_orbit): All chunks are saved
[25Oct2025 16:15:13.169] [Server thread/INFO] [net.minecraft.server.MinecraftServer/]: ThreadedAnvilChunkStorage (glacio_orbit): All chunks are saved
[25Oct2025 16:15:13.169] [Server thread/INFO] [net.minecraft.server.MinecraftServer/]: ThreadedAnvilChunkStorage: All dimensions are saved
